Alloy,State,Density,Structure,T,E,Yield_Strength,Yield,Peak_Stress,Peak_strain,Fracture_Strength,Fracture_Strain,Compression_Yield_Strength,Compression_Strain,Strain,Vickers_hardness ,Wear_Resistance,fafabrication,题录
Al20Li20Mg10Sc20Ti30 ,Ball Milling,,FCC,,,,,,,,,,,,,,Mechanical alloying,"Youssef K M, Zaddach A J, Niu C, et al. A novel low-density, high-hardness, high-entropy alloy with close-packed single-phase nanocrystalline structures[J]. Materials Research Letters, 2015, 3(2): 95-99."
Al20Li20Mg10Sc20Ti30,as-annealed,,HCP,,,,,,,,,,,,,,Mechanical alloying,"Youssef K M, Zaddach A J, Niu C, et al. A novel low-density, high-hardness, high-entropy alloy with close-packed single-phase nanocrystalline structures[J]. Materials Research Letters, 2015, 3(2): 95-99."
AlxCoCrCuFeNi,,,,,,,,,,,,,,,,,,"Jien-Wei, Y. ""Recent progress in high entropy alloys."" Ann. Chim. Sci. Mat 31.6 (2006): 633-648."
Mo-Nb-Ta-V-W,,12.36,BCC,1600,,477,,,,,170.00%,,,,,,,Enhanced mechanical properties of HfMoTaTiZr and HfMoNbTaTiZrrefractory high-entropy alloys
Hf-Nb-Ta-Ti-Zr,,9.94,BCC,25,,,,,,,,929,,5000%,,,,Enhanced mechanical properties of HfMoTaTiZr and HfMoNbTaTiZrrefractory high-entropy alloys
Hf-Nb-Ta-Ti-Zr,,9.94,BCC,1200,,<100,,,,,,,,,,,,Enhanced mechanical properties of HfMoTaTiZr and HfMoNbTaTiZrrefractory high-entropy alloys
Hf-Mo-Ta-Ti-Zr,,10.24,,25,,1600,,,,,400%,,,,542,,,Enhanced mechanical properties of HfMoTaTiZr and HfMoNbTaTiZrrefractory high-entropy alloys
Hf-Mo-Ta-Ti-Zr,,10.24,,1200,,404,,,,,>30,,,,542,,,Enhanced mechanical properties of HfMoTaTiZr and HfMoNbTaTiZrrefractory high-entropy alloys
Hf-Mo-Nb-Ta-Ti-Zr,,9.97,,25,,1512,,,,,1200%,,,,505,,,Enhanced mechanical properties of HfMoTaTiZr and HfMoNbTaTiZrrefractory high-entropy alloys
Hf-Mo-Nb-Ta-Ti-Zr,,9.97,,1200,,556,,,,,>30,,,,505,,,Enhanced mechanical properties of HfMoTaTiZr and HfMoNbTaTiZrrefractory high-entropy alloys
Al-Nb-Ta-Ti-Zr,,,,,,,,,,,,,,,,,,"Search for high entropy alloys in the X-NbTaTiZr systems(X = Al, Cr, V, Sn)"
Cr-Nb-Ta-Ti-Zr,,,,,,,,,,,,,,,,,,"Search for high entropy alloys in the X-NbTaTiZr systems(X = Al, Cr, V, Sn)"
V-Nb-Ta-Ti-Zr,,,,,,,,,,,,,,,,,,"Search for high entropy alloys in the X-NbTaTiZr systems(X = Al, Cr, V, Sn)"
Sn-Nb-Ta-Ti-Zr,,,,,,,,,,,,,,,,,,"Search for high entropy alloys in the X-NbTaTiZr systems(X = Al, Cr, V, Sn)"
Co-Cr-Fe-Mn-Ni,,,,,,,,,,,,,,,,, arc melting and drop casting,
Mo20–W20–Al20–Cr20–Ti20,,,,,,,,,,,,,,,,,,
Co-Cr-Fe-Mn-Ni-Vx ,,,,,,,,,,,,,,,,,,
Al-Nb-Ti-V ,,,,,,,,,,,,,,,,,,
Al20-Li20-Mg10-Sc20-Ti30,,,,,,,,,,,,,,,,,,
Ho–Dy–Y–Gd–Tb ,,,,,,,,,,,,,,,,,,Hexagonal High-entropy Alloys
Cr-Mn-Fe-Ti-Ni,,,,,,,,,,,,,,,,,,
YGdTbDyLu,,,hcp,,,,,,,,,,,,,,,
GdTbDyTmLu,,,hcp,,,,,,,,,,,,,,,
Al0.5CrCuFeNi2 ,,,,,,,,,,,,,,,,,,Microstructure and texture evolution during annealing of equiatomic CoCrFeMnNi high-entropy alloy
CoCrFeMnNi,,,,,,,,,,,,,,,,,,"Alloying, thermal stability and strengthening in spark plasma sintered AlxCoCrCuFeNi high entropy alloys"
Fe-Co-Ni-Cr-Cu-Al-Mn,,null,FCC + BCC or FCC,null,,null,,,,,null,null,,null,428.2808095,,reactive DCmagnetron sputtering,Nanostructured nitride films of multi-element high-entropy alloysby reactive DC sputtering
Fe-Co-Ni-Cr-Cu-Al0.5,,null,FCC + BCC or FCC,null,,null,,,,,null,null,,null,448.6751337,,reactive DCmagnetron sputtering,
 CuCoNiCrFe,,,FCC,,,,,,,,,,,,132,,,Nanostructured High-EntropyAlloys with Multiple PrincipalElements: Novel Alloy DesignConcepts and Outcomes
 CuCoNiCrAl0.3Fe,,,FCC,,,,,,,,,,,,182,,,Nanostructured High-EntropyAlloys with Multiple PrincipalElements: Novel Alloy DesignConcepts and Outcomes
 CuCoNiCrAl0.5Fe,,,FCC,,114,,,,,,,,,,205,0.924654,,Nanostructured High-EntropyAlloys with Multiple PrincipalElements: Novel Alloy DesignConcepts and Outcomes
 CuCoNiCrAl0.8Fe,,,FCC + BCC,,145,,,,,,,,,,270,,,Nanostructured High-EntropyAlloys with Multiple PrincipalElements: Novel Alloy DesignConcepts and Outcomes
 CuCoNiCrAl1.0Fe,,,FCC + BCC,,163,,,,,,,,,,410,,,Nanostructured High-EntropyAlloys with Multiple PrincipalElements: Novel Alloy DesignConcepts and Outcomes
 CuCoNiCrAl1.3Fe,,,FCC + BCC,,,,,,,,,,,,470,,,Nanostructured High-EntropyAlloys with Multiple PrincipalElements: Novel Alloy DesignConcepts and Outcomes
 CuCoNiCrAl1.5Fe,,,FCC + BCC,,,,,,,,,,,,510,,,Nanostructured High-EntropyAlloys with Multiple PrincipalElements: Novel Alloy DesignConcepts and Outcomes
 CuCoNiCrAl1.8Fe,,,FCC + BCC,,,,,,,,,,,,560,,,Nanostructured High-EntropyAlloys with Multiple PrincipalElements: Novel Alloy DesignConcepts and Outcomes
 CuCoNiCrAl2.0Fe,,,FCC + BCC,,,,,,,,,,,,570,,,Nanostructured High-EntropyAlloys with Multiple PrincipalElements: Novel Alloy DesignConcepts and Outcomes
 CuCoNiCrAl2.3Fe,,,FCC + BCC,,,,,,,,,,,,610,,,Nanostructured High-EntropyAlloys with Multiple PrincipalElements: Novel Alloy DesignConcepts and Outcomes
 CuCoNiCrAl2.5Fe,,,FCC + BCC,,,,,,,,,,,,630,,,Nanostructured High-EntropyAlloys with Multiple PrincipalElements: Novel Alloy DesignConcepts and Outcomes
 CuCoNiCrAl2.8Fe,,,BCC,,,,,,,,,,,,660,,,Nanostructured High-EntropyAlloys with Multiple PrincipalElements: Novel Alloy DesignConcepts and Outcomes
 CuCoNiCrAl3.0Fe,,,BCC,,,,,,,,,,,,650,,,Nanostructured High-EntropyAlloys with Multiple PrincipalElements: Novel Alloy DesignConcepts and Outcomes
CuTiVFeNiZr,as-cast,,,,,,,,,,,,,,590,,,Nanostructured High-EntropyAlloys with Multiple PrincipalElements: Novel Alloy DesignConcepts and Outcomes
CuTiVFeNiZr,annealed,,,,,,,,,,,,,,600,,,Nanostructured High-EntropyAlloys with Multiple PrincipalElements: Novel Alloy DesignConcepts and Outcomes
AlTiVFeNiZr,as-cast,,,,,,,,,,,,,,800,,,Nanostructured High-EntropyAlloys with Multiple PrincipalElements: Novel Alloy DesignConcepts and Outcomes
AlTiVFeNiZr,annealed,,,,,,,,,,,,,,790,,,Nanostructured High-EntropyAlloys with Multiple PrincipalElements: Novel Alloy DesignConcepts and Outcomes
MoTiVFeNiZr,as-cast,,,,,,,,,,,,,,740,,,Nanostructured High-EntropyAlloys with Multiple PrincipalElements: Novel Alloy DesignConcepts and Outcomes
MoTiVFeNiZr,annealed,,,,,,,,,,,,,,760,,,Nanostructured High-EntropyAlloys with Multiple PrincipalElements: Novel Alloy DesignConcepts and Outcomes
CuTiVFeNiZrCo,as-cast,,,,,,,,,,,,,,630,,,Nanostructured High-EntropyAlloys with Multiple PrincipalElements: Novel Alloy DesignConcepts and Outcomes
CuTiVFeNiZrCo,annealed,,,,,,,,,,,,,,620,,,Nanostructured High-EntropyAlloys with Multiple PrincipalElements: Novel Alloy DesignConcepts and Outcomes
AlTiVFeNiZrCo,as-cast,,,,,,,,,,,,,,790,,,Nanostructured High-EntropyAlloys with Multiple PrincipalElements: Novel Alloy DesignConcepts and Outcomes
AlTiVFeNiZrCo,annealed,,,,,,,,,,,,,,800,,,Nanostructured High-EntropyAlloys with Multiple PrincipalElements: Novel Alloy DesignConcepts and Outcomes
MoTiVFeNiZrCo,as-cast,,,,,,,,,,,,,,790,,,Nanostructured High-EntropyAlloys with Multiple PrincipalElements: Novel Alloy DesignConcepts and Outcomes
MoTiVFeNiZrCo,annealed,,,,,,,,,,,,,,790,,,Nanostructured High-EntropyAlloys with Multiple PrincipalElements: Novel Alloy DesignConcepts and Outcomes
CuTiVFeNiZrCoCr,as-cast,,,,,,,,,,,,,,680,,,Nanostructured High-EntropyAlloys with Multiple PrincipalElements: Novel Alloy DesignConcepts and Outcomes
CuTiVFeNiZrCoCr,annealed,,,,,,,,,,,,,,680,,,Nanostructured High-EntropyAlloys with Multiple PrincipalElements: Novel Alloy DesignConcepts and Outcomes
AlTiVFeNiZrCoCr,as-cast,,,,,,,,,,,,,,780,,,Nanostructured High-EntropyAlloys with Multiple PrincipalElements: Novel Alloy DesignConcepts and Outcomes
AlTiVFeNiZrCoCr,annealed,,,,,,,,,,,,,,890,,,Nanostructured High-EntropyAlloys with Multiple PrincipalElements: Novel Alloy DesignConcepts and Outcomes
MoTiVFeNiZrCoCr,as-cast,,,,,,,,,,,,,,850,,,Nanostructured High-EntropyAlloys with Multiple PrincipalElements: Novel Alloy DesignConcepts and Outcomes
MoTiVFeNiZrCoCr,annealed,,,,,,,,,,,,,,850,,,Nanostructured High-EntropyAlloys with Multiple PrincipalElements: Novel Alloy DesignConcepts and Outcomes
CuCoNiCrAlFeTiV ,,,BCC,,,,,,,,,,,,,,as-splat-quenched,Nanostructured High-EntropyAlloys with Multiple PrincipalElements: Novel Alloy DesignConcepts and Outcomes
Cu0.5CoNiCrAl,,,BCC,,,,,,,,,,,,,,as-sputtered,Nanostructured High-EntropyAlloys with Multiple PrincipalElements: Novel Alloy DesignConcepts and Outcomes
FeCoNiCrCu0.5,as-cast,,FCC,,,,,,,,,,,,,,,
Al0.5CoCrCuFeNiTi0.2,,,FCC,,,,,,,,,,,,273.80,0.924296,arc melting ,Microstructure and Properties of Al0.5CoCrCuFeNiTix (x=0–2.0) High-Entropy Alloys
Al0.5CoCrCuFeNiTi0.4,,,FCC,,,,,,,,,,,,321.67,0.923957,arc melting ,Microstructure and Properties of Al0.5CoCrCuFeNiTix (x=0–2.0) High-Entropy Alloys
Al0.5CoCrCuFeNiTi0.6,,,FCC + BCC,,,,,,,,,,,,459.75,0.927775,arc melting ,Microstructure and Properties of Al0.5CoCrCuFeNiTix (x=0–2.0) High-Entropy Alloys
Al0.5CoCrCuFeNiTi0.8,,,FCC + BCC,,,,,,,,,,,,588.34,1.20242,arc melting ,Microstructure and Properties of Al0.5CoCrCuFeNiTix (x=0–2.0) High-Entropy Alloys
Al0.5CoCrCuFeNiTi1.0,,,FCC + BCC + σ phase,,,,,,,,,,,,636.20,1.2354,arc melting ,Microstructure and Properties of Al0.5CoCrCuFeNiTix (x=0–2.0) High-Entropy Alloys
Al0.5CoCrCuFeNiTi1.2,,,FCC + BCC + σ phase,,,,,,,,,,,,648.47,1.19339,arc melting ,Microstructure and Properties of Al0.5CoCrCuFeNiTix (x=0–2.0) High-Entropy Alloys
Al0.5CoCrCuFeNiTi1.4,,,FCC + BCC + TL,,,,,,,,,,,,655.99,1.10972,arc melting ,Microstructure and Properties of Al0.5CoCrCuFeNiTix (x=0–2.0) High-Entropy Alloys
Al0.5CoCrCuFeNiTi1.6,,,FCC + BCC + TL,,,,,,,,,,,,661.13,1.05937,arc melting ,Microstructure and Properties of Al0.5CoCrCuFeNiTix (x=0–2.0) High-Entropy Alloys
Al0.5CoCrCuFeNiTi1.8,,,FCC + BCC + TL,,,,,,,,,,,,671.03,1.01319,arc melting ,Microstructure and Properties of Al0.5CoCrCuFeNiTix (x=0–2.0) High-Entropy Alloys
Al0.5CoCrCuFeNiTi2.0,,,FCC + BCC + TL,,,,,,,,,,,,702.28,1.00867,arc melting ,Microstructure and Properties of Al0.5CoCrCuFeNiTix (x=0–2.0) High-Entropy Alloys
Al0.5CoCrCuFeNiV0.2,,,FCC,,,,,,,,,,,,202.732,0.909041,arc melting ,"Effect of Vanadium Addition on the Microstructure, Hardness,and Wear Resistance of Al0.5CoCrCuFeNi High-Entropy Alloy"
Al0.5CoCrCuFeNiV0.4,,,FCC,,,,,,,,,,,,229.508,0.874521,arc melting ,"Effect of Vanadium Addition on the Microstructure, Hardness,and Wear Resistance of Al0.5CoCrCuFeNi High-Entropy Alloy"
Al0.5CoCrCuFeNiV0.6,,,FCC + BCC,,,,,,,,,,,,330.874,0.863014,arc melting ,"Effect of Vanadium Addition on the Microstructure, Hardness,and Wear Resistance of Al0.5CoCrCuFeNi High-Entropy Alloy"
Al0.5CoCrCuFeNiV0.8,,,FCC + BCC + σ phase,,,,,,,,,,,,449.454,0.874521,arc melting ,"Effect of Vanadium Addition on the Microstructure, Hardness,and Wear Resistance of Al0.5CoCrCuFeNi High-Entropy Alloy"
Al0.5CoCrCuFeNiV1.0,,,FCC + BCC + σ phase,,,,,,,,,,,,638.798,0.943562,arc melting ,"Effect of Vanadium Addition on the Microstructure, Hardness,and Wear Resistance of Al0.5CoCrCuFeNi High-Entropy Alloy"
Al0.5CoCrCuFeNiV1.2,,,BCC,,,,,,,,,,,,573.77,1.05479,arc melting ,"Effect of Vanadium Addition on the Microstructure, Hardness,and Wear Resistance of Al0.5CoCrCuFeNi High-Entropy Alloy"
Al0.5CoCrCuFeNiV1.4,,,BCC,,,,,,,,,,,,575.683,1.07397,arc melting ,"Effect of Vanadium Addition on the Microstructure, Hardness,and Wear Resistance of Al0.5CoCrCuFeNi High-Entropy Alloy"
Al0.5CoCrCuFeNiV1.6,,,BCC,,,,,,,,,,,,592.896,1.06247,arc melting ,"Effect of Vanadium Addition on the Microstructure, Hardness,and Wear Resistance of Al0.5CoCrCuFeNi High-Entropy Alloy"
Al0.5CoCrCuFeNiV1.8,,,BCC,,,,,,,,,,,,596.721,1.08164,arc melting ,"Effect of Vanadium Addition on the Microstructure, Hardness,and Wear Resistance of Al0.5CoCrCuFeNi High-Entropy Alloy"
Al0.5CoCrCuFeNiV2.0,,,BCC,,,,,,,,,,,,585.246,1.12,arc melting ,"Effect of Vanadium Addition on the Microstructure, Hardness,and Wear Resistance of Al0.5CoCrCuFeNi High-Entropy Alloy"
AlCoCrCuFeMoNiTiVZr,,,,,,,,,,,,,,,,,,"Effect of Vanadium Addition on the Microstructure, Hardness,and Wear Resistance of Al0.5CoCrCuFeNi High-Entropy Alloy"
AlCoCrFeMo0.5NiSiTi,,,,,,,,,,,,,,,,,,"Effect of Vanadium Addition on the Microstructure, Hardness,and Wear Resistance of Al0.5CoCrCuFeNi High-Entropy Alloy"
AlCrFeMo0.5NiSiTi,,,,,,,,,,,,,,,,,,"Effect of Vanadium Addition on the Microstructure, Hardness,and Wear Resistance of Al0.5CoCrCuFeNi High-Entropy Alloy"
Cu0.5Ni,,,FCC,,,,,,,,,,,,,,,High-Entropy Alloys – A New Era of Exploitation
Cu0.5NiAl,,,BCC,,,,,,,,,,,,,,,High-Entropy Alloys – A New Era of Exploitation
Cu0.5NiAlCo,,,FCC,,,,,,,,,,,,,,,High-Entropy Alloys – A New Era of Exploitation
Cu0.5NiAlCoCr,,,BCC,,,,,,,,,,,,,,,High-Entropy Alloys – A New Era of Exploitation
Cu0.5NiAlCoCrFe,,,Amorphousphous,,,,,,,,,,,,,,,High-Entropy Alloys – A New Era of Exploitation
Cu0.5NiAlCoCrFeTi,,,Amorphousphous,,,,,,,,,,,,,,,High-Entropy Alloys – A New Era of Exploitation
AlCoCrCuFeNi,,,FCC + BCC,,,,,,,,,,,,420,,,On the elemental effect of AlCoCrCuFeNi high-entropy alloy system
Al0.5CoCrCuFeNi,,,FCC,,,,,,,,,,,,208,,,On the elemental effect of AlCoCrCuFeNi high-entropy alloy system
AlCo0.5CrCuFeNi,,,FCC + BCC,,,,,,,,,,,,473,,,On the elemental effect of AlCoCrCuFeNi high-entropy alloy system
AlCoCr0.5CuFeNi,,,FCC + BCC,,,,,,,,,,,,367,,,On the elemental effect of AlCoCrCuFeNi high-entropy alloy system
AlCoCrCu0.5FeNi,,,BCC,,,,,,,,,,,,458,,,On the elemental effect of AlCoCrCuFeNi high-entropy alloy system
AlCoCrCuFe0.5Ni,,,FCC + BCC,,,,,,,,,,,,418,,,On the elemental effect of AlCoCrCuFeNi high-entropy alloy system
AlCoCrCuFeNi0.5,,,FCC + BCC,,,,,,,,,,,,423,,,On the elemental effect of AlCoCrCuFeNi high-entropy alloy system
AlCoCrCuNi,,, FCC + BCC,,,,,,,,,,,,419,,,"Alloying behavior of iron, gold and silver in AlCoCrCuNi-basedequimolar high-entropy alloys"
AlCoCrCuFeNi,,, FCC + BCC,,,,,,,,,,,,416,,,"Alloying behavior of iron, gold and silver in AlCoCrCuNi-basedequimolar high-entropy alloys"
Golden layer of AgAlCoCrCuNi,,,Ag  + FCC,,,,,,,,,,,,104,,,"Alloying behavior of iron, gold and silver in AlCoCrCuNi-basedequimolar high-entropy alloys"
Silver layer of AgAlCoCrCuNi,,,BCC + Ag + FCC,,,,,,,,,,,,451,,,"Alloying behavior of iron, gold and silver in AlCoCrCuNi-basedequimolar high-entropy alloys"
AlAuCoCrCuNi,,,FCC + AuCu,,,,,,,,,,,,276,,,"Alloying behavior of iron, gold and silver in AlCoCrCuNi-basedequimolar high-entropy alloys"
TiVCrZrHf,,,Amorphous,,,,,,,,,,,,,,,[17]
TiVCrAlZr,,,Amorphous,,,,,,,,,,,,,,,[18]
TiCrZrNb,,,Amorphous,,,,,,,,,,,,,,,[19]
AlCrNiSiTi,,,Amorphous,,,,,,,,,,,,,,,[20]
AlCrMoTaTiZr,,,Amorphous,,,,,,,,,,,,,,,[21]
TiVCrAlSi,,,Amorphous,,,,,,,,,,,,,,,[22]
AlCrTaTiZr,,,Amorphous,,,,,,,,,,,,,,,[23]
NbSiTaTiZr,,,Amorphous,,,,,,,,,,,,,,,[24]
AlCoCrCu0.5FeNi,,,Amorphous,,,,,,,,,,,,,,,[25]
AlCrMoSiTi,,,Amorphous,,,,,,,,,,,,,,,[26]
AlBCrSiTi,,,Amorphous,,,,,,,,,,,,,,,[27]
FeCoNiZrCuAlV,,,Amorphous,,,,,,,,,,,,,,,[28]
AlCrZrSiTi,,,Amorphous,,,,,,,,,,,,,,,[29]
TiZrNbHfTa,,,FCC,,,,,,,,,,,,,,,[19]
Al0.5CoCrCuFeNi,,,FCC,,,,,,,,,,,,,,,[19]
Al2CoCrCuFeNi,,,FCC + BCC,,,,,,,,,,,,,,,[30]
Ta-Nb-Ti-W,,,BCC,,,,,,,,,,,,,,,[30]
Ta-Nb-Ti-W,,,BCC,,,,,,,,,,,,,,,[30]
Ta-Nb-Ti-W,,,BCC,,,,,,,,,,,,,,,[30]
Ta-Nb-Ti-W,,,BCC,,,,,,,,,,,,,,,[30]
Ta-Nb-Ti-W,,,BCC,,,,,,,,,,,,,,,[30]
Ta-Nb-Ti-W,,,BCC,,,,,,,,,,,,,,,[30]
Ta-Nb-Ti-W,,,BCC,,,,,,,,,,,,,,,[31]
FeCoNiCrCuAlMn,,,FCC + BCC,,,,,,,,,,,,,,,[32]
CoCrFeNiCu,,,FCC,,,,,,,,,,,,,,,[33]
CoCrFeNiCuAl2.5,,,BCC,,,,,,,,,,,,,,,
Al0(TiVCrMnFeCoNiCu)100,,,FCC + BCC + σ + Amorphous,25,74.247,1312,,,,,,1312,,0,,,,Microstructure and compressive properties of multicomponentAlx(TiVCrMnFeCoNiCu)100−xhigh-entropy alloys
Al11.1(TiVCrMnFeCoNiCu)88.9,,,FCC + BCC,25,164.087,1862,,,,,,2431,,95.00%,,,,Microstructure and compressive properties of multicomponentAlx(TiVCrMnFeCoNiCu)100−xhigh-entropy alloys
Al20(TiVCrMnFeCoNiCu)80,,,BCC,25,190.086,1465,,,,,,2016,,235.00%,,,,Microstructure and compressive properties of multicomponentAlx(TiVCrMnFeCoNiCu)100−xhigh-entropy alloys
Al40(TiVCrMnFeCoNiCu)60,,,BCC + Al3Ti + Intermetalic,25,163.208,1461,,,,,,1461,,0,,,,Microstructure and compressive properties of multicomponentAlx(TiVCrMnFeCoNiCu)100−xhigh-entropy alloys
AlCrFeCoNi,,,,25,,1250.96,,,,,,2004.23,,3270.00%,,,,Microstructure and compressive properties of AlCrFeCoNihigh entropy alloy
CrFeCoNiCuTi,,,,25,,1272,,,,,,1272,,160.00%,,,,Microstructure and compressive properties of AlCrFeCoNihigh entropy alloy
AlCrMnFeCoNiCuTiV,,,,25,,1862,,,,,,2431,,95.00%,,,,Microstructure and compressive properties of AlCrFeCoNihigh entropy alloy
CrFeCoNiCuTi0.5,,,,25,,700,,,,,,1650,,2126.00%,,,,Microstructure and compressive properties of AlCrFeCoNihigh entropy alloy
Cu–Ni–Co–Zn–Al–Ti,,,BCC,,,,,,,,,,,,,,MA,Synthesis and characterization of nanocrystalline AlFeTiCrZnCuhigh entropy solid solution by mechanical alloying
Al–Fe–Ti–Cr–Zn–Cu,,,BCC,,,,,,,,,,,,,,MA,Synthesis and characterization of nanocrystalline AlFeTiCrZnCuhigh entropy solid solution by mechanical alloying
 NiFeCrCoMnW ,,,,,,,,,,,,,,,,,MA,Synthesis and characterization of nanocrystalline AlFeTiCrZnCuhigh entropy solid solution by mechanical alloying
AlMoNbSiTaTiVZr ,,,,,,,,,,,,,,,,,,Diffusion barrier properties of AlMoNbSiTaTiVZr high-entropy alloy layerbetween copper and silicon
AlTiNiMnB0.1,,5.13593,BCC,,,,,,,,,,,,741.84,,arc,Microstructure and properties of AlTiNiMnBxhigh entropy alloys
AlTiNiMnB0.2,,5.47874,BCC,,,,,,,,,,,,758.896,,arc,Microstructure and properties of AlTiNiMnBxhigh entropy alloys
AlTiNiMnB0.4,,5.4982,BCC,,,,,,,,,,,,763.436,,arc,Microstructure and properties of AlTiNiMnBxhigh entropy alloys
AlTiNiMnB0.5,,5.56707,BCC,,,,,,,,,,,,778.896,,arc,Microstructure and properties of AlTiNiMnBxhigh entropy alloys
Ti0.5CrFeNiAlCo1,,,,,,,,,,,2330.00%,3140,,,,,arc,Effect of Co addition on crystal structure and mechanical propertiesof Ti0.5CrFeNiAlCo high entropy alloy
Ti0.5CrFeNiAlCo1.5,,,,,,,,,,,,,,,,,arc,Effect of Co addition on crystal structure and mechanical propertiesof Ti0.5CrFeNiAlCo high entropy alloy
Ti0.5CrFeNiAlCo2,,,,,,,,,,,1550.00%,2890,,,,,arc,Effect of Co addition on crystal structure and mechanical propertiesof Ti0.5CrFeNiAlCo high entropy alloy
Ti0.5CrFeNiAlCo3,,,,,,,,,,,,,,,,,arc,Effect of Co addition on crystal structure and mechanical propertiesof Ti0.5CrFeNiAlCo high entropy alloy
AlCrFeCoNiCu,,,FCC + BCC,,,1303,,,,,,2081,,2400%,,,,"Effects of Mn, Ti and V on the microstructure and properties ofAlCrFeCoNiCu high entropy alloy"
AlCrFeCoNiCuMn,,,FCC + BCC + Unknown,,,1005,,,,,,1480,,1500%,,,,"Effects of Mn, Ti and V on the microstructure and properties ofAlCrFeCoNiCu high entropy alloy"
AlCrFeCoNiCuTi,,,FCC + BCC1 + BCC2,,,1234,,,,,,1356,,900%,,,,"Effects of Mn, Ti and V on the microstructure and properties ofAlCrFeCoNiCu high entropy alloy"
AlCrFeCoNiCuV,,,FCC + BCC,,,1469,,,,,,1970,,1600%,,,,"Effects of Mn, Ti and V on the microstructure and properties ofAlCrFeCoNiCu high entropy alloy"
AlCr2CoFeNi,,,B2 + L12,,,,,,,,,,,,,,,B 2 structure of high-entropy alloys with addition of Al
AlCrCoFeNi,,,B2 + L12,,,,,,,,,,,,,,,B 2 structure of high-entropy alloys with addition of Al
Al1.5CrCoFeNi,,,B2,,,,,,,,,,,,,,,B 2 structure of high-entropy alloys with addition of Al
Al2CrCoFeNi,,,B2,,,,,,,,,,,,,,,B 2 structure of high-entropy alloys with addition of Al
Al2.5CrCoFeNi,,,B2,,,,,,,,,,,,,,,B 2 structure of high-entropy alloys with addition of Al
Al3CrCoFeNi,,,B2,,,,,,,,,,,,,,,B 2 structure of high-entropy alloys with addition of Al
FeNiCrCuCo,,,FCC,,,,,,,,,,,,286,,,Effect of alloying elements on microstructure and properties of multiprincipal elements high-entropy alloys
FeNiCrCuMo,,,FCC,,,,,,,,,,,,263,,,Effect of alloying elements on microstructure and properties of multiprincipal elements high-entropy alloys
FeNiCrCuAl,,,FCC + BCC,,,,,,,,,,,,342,,,Effect of alloying elements on microstructure and properties of multiprincipal elements high-entropy alloys
FeNiCrCuMn,,,FCC + BCC,,,,,,,,,,,,296,,,Effect of alloying elements on microstructure and properties of multiprincipal elements high-entropy alloys
FeNiCrCoAl,,,BCC,,,,,,,,,,,,395,,,Effect of alloying elements on microstructure and properties of multiprincipal elements high-entropy alloys
FeNiCrCoAl1.5,,,BCC,,,,,,,,,,,,402,,,Effect of alloying elements on microstructure and properties of multiprincipal elements high-entropy alloys
FeNiCrCoAl2,,,BCC,,,,,,,,,,,,432,,,Effect of alloying elements on microstructure and properties of multiprincipal elements high-entropy alloys
FeNiCrCoAl2.5,,,BCC,,,,,,,,,,,,487,,,Effect of alloying elements on microstructure and properties of multiprincipal elements high-entropy alloys
FeNiCrCoAl3,,,BCC,,,,,,,,,,,,506,,,Effect of alloying elements on microstructure and properties of multiprincipal elements high-entropy alloys
FeNiCrCuZr,,,BCC + compounds,,,,,,,,,,,,566,,,Effect of alloying elements on microstructure and properties of multiprincipal elements high-entropy alloys
Ti0.5CrFeCoNiAl0Cu1,,,,25,92.73,700,,,,,,1650,,2870.00%,,,,Atomic packing efficiency and phase transition in a high entropy alloy
Ti0.5CrFeCoNiAl0.25Cu0.75,,,,25,102.85,750,,,,,,1970,,3850.00%,,,,Atomic packing efficiency and phase transition in a high entropy alloy
Ti0.5CrFeCoNiAl0.5Cu0.5,,,,25,160.54,1580,,,,,,2389,,1740.00%,,,,Atomic packing efficiency and phase transition in a high entropy alloy
Ti0.5CrFeCoNiAl0.75Cu0.25,,,,25,164.14,1900,,,,,,2697,,1200%,,,,Atomic packing efficiency and phase transition in a high entropy alloy
Ti0.5CrFeCoNiAl1Cu0,,,,25,72.68,2040,,,,,,3135,,2420.00%,,,,Atomic packing efficiency and phase transition in a high entropy alloy
CoCrFeNiTi,,,FCC,25,134.6,,,,,,,2020,,900%,,,,Microstructure and mechanical properties of CoCrFeNiTiAlx high-entropy alloys
CoCrFeNiTiAl0.5,,,BCC1 + BCC2 + Laves Phase,25,106.8,,,,,,,1060,,990.00%,,,,Microstructure and mechanical properties of CoCrFeNiTiAlx high-entropy alloys
CoCrFeNiTiAl1.0,,,BCC1 + BCC2 + Laves Phase,25,147.6,,,,,,,2280,,640.00%,,,,Microstructure and mechanical properties of CoCrFeNiTiAlx high-entropy alloys
CoCrFeNiTiAl1.5,,,BCC1 + BCC2,25,133.4,,,,,,,2110,,980.00%,,,,Microstructure and mechanical properties of CoCrFeNiTiAlx high-entropy alloys
CoCrFeNiTiAl2.0,,,BCC1 + BCC2,25,93.5,,,,,,,1030,,520.00%,,,,Microstructure and mechanical properties of CoCrFeNiTiAlx high-entropy alloys
 CoCrCuFeNiAl0.5,,,,25,24.5,359,,,,,,707,,1900%,,,,Tensile and compressive mechanical behavior of a CoCrCuFeNiAl 0.5 high entropy alloy
Al0.3CoCrFeNiC0.1,,,,,,,,,,,,,,,,,,Age hardening of the Al0.3CoCrFeNiC0.1high entropy alloy
Al0.3CoCrFeNiB,,,,,,,,,,,,,,,,,,Age hardening of the Al0.3CoCrFeNiC0.1high entropy alloy
W-Nb-Mo-Ta,,13.75,BCC,,,,,,,,,,,,454.2835729,,,Refractory high-entropy alloys
W-Nb-Mo-Ta-V,,12.36,BCC,,,,,,,,,,,,535.3510118,,,Refractory high-entropy alloys
CoCrFeNiCuAl ,as-cast,,FCC + BCC,,,,,,,,,1820,,2070.00%,515.5,,,Annealing on the structure and properties evolution of the CoCrFeNiCuAlhigh-entropy alloy
CoCrFeNiCuAl ,annealed,,,,,,,,,,,1630,,3400%,369.8,,,Annealing on the structure and properties evolution of the CoCrFeNiCuAlhigh-entropy alloy
AlCoCrFe0.6Mo0.5,,,BCC + σ,,,,,,,,,,,,754.875,1416.98,,Effect of iron content on wear behavior of AlCoCrFexMo0.5Ni high-entropy alloys
AlCoCrFe1.0Mo0.5,,,BCC + σ,,,,,,,,,,,,728.408,1439.11,,Effect of iron content on wear behavior of AlCoCrFexMo0.5Ni high-entropy alloys
AlCoCrFe1.5Mo0.5,,,BCC + σ,,,,,,,,,,,,633.712,864.716,,Effect of iron content on wear behavior of AlCoCrFexMo0.5Ni high-entropy alloys
AlCoCrFe2.0Mo0.5,,,BCC + σ,,,,,,,,,,,,633.236,430.468,,Effect of iron content on wear behavior of AlCoCrFexMo0.5Ni high-entropy alloys
CoCrFeNiTiAl,,,,,,,,,,,,,,,432,,MA,
Cu0.5CoCrFeNi,as-cast,,,,,,,,,,,,,,172.571,,,Effect of aging treatment on microstructure and properties of high-entropyCu0.5CoCrFeNi alloy
 Cu0NiCoZnAlTi ,,,BCC,,,,,,,,,,,,,,MA,Formation and Stability of Equiatomic and Nonequiatomic Nanocrystalline CuNiCoZnAlTi High-Entropy Alloys by Mechanical Alloying
 Cu8.33NiCoZnAlTi ,,,FCC + BCC,,,,,,,,,,,,,,MA,Formation and Stability of Equiatomic and Nonequiatomic Nanocrystalline CuNiCoZnAlTi High-Entropy Alloys by Mechanical Alloying
 Cu33.33NiCoZnAlTi ,,,FCC,,,,,,,,,,,,,,MA,Formation and Stability of Equiatomic and Nonequiatomic Nanocrystalline CuNiCoZnAlTi High-Entropy Alloys by Mechanical Alloying
 Cu49.98NiCoZnAlTi ,,,FCC,,,,,,,,,,,,,,MA,Formation and Stability of Equiatomic and Nonequiatomic Nanocrystalline CuNiCoZnAlTi High-Entropy Alloys by Mechanical Alloying
CuNi,,,FCC,,,,,,,,,,,,,,MA,Formation and Stability of Equiatomic and Nonequiatomic Nanocrystalline CuNiCoZnAlTi High-Entropy Alloys by Mechanical Alloying
CuNiCo,,,FCC,,,,,,,,,,,,,,MA,Formation and Stability of Equiatomic and Nonequiatomic Nanocrystalline CuNiCoZnAlTi High-Entropy Alloys by Mechanical Alloying
CuNiCoZn,,,FCC,,,,,,,,,,,,,,MA,Formation and Stability of Equiatomic and Nonequiatomic Nanocrystalline CuNiCoZnAlTi High-Entropy Alloys by Mechanical Alloying
CuNiCoZnAl,,,FCC,,,,,,,,,,,,,,MA,Formation and Stability of Equiatomic and Nonequiatomic Nanocrystalline CuNiCoZnAlTi High-Entropy Alloys by Mechanical Alloying
CuNiCoZnAlTi,,,FCC + BCC,,,,,,,,,2760,,,896.3305512,,MA,Formation and Stability of Equiatomic and Nonequiatomic Nanocrystalline CuNiCoZnAlTi High-Entropy Alloys by Mechanical Alloying
CuCoNiCrAlFeTiV ,,,,,,,,,,,,,,,571.0410793,,MA,Formation and Stability of Equiatomic and Nonequiatomic Nanocrystalline CuNiCoZnAlTi High-Entropy Alloys by Mechanical Alloying
CuCONiCrFe,,,,,,,,,,,,,,,135.6222563,,MA,Formation and Stability of Equiatomic and Nonequiatomic Nanocrystalline CuNiCoZnAlTi High-Entropy Alloys by Mechanical Alloying
CuCoNiCrAl0.5Fe,,,,,,,,,,,,,,,212.1009723,,MA,Formation and Stability of Equiatomic and Nonequiatomic Nanocrystalline CuNiCoZnAlTi High-Entropy Alloys by Mechanical Alloying
Cu0.5CoNiCrAl,,,,,,,,,,,,,,,454.793431,,MA,Formation and Stability of Equiatomic and Nonequiatomic Nanocrystalline CuNiCoZnAlTi High-Entropy Alloys by Mechanical Alloying
AlCo0.5CrCuFe1.5Ni1.2,,,,,,,,,,,,,,,,,,Thermal stability of AlCoCrCuFeNi high entropy alloy thinfilms studied by in-situXRD analysis
AlCo0.5CrCuFe0.5Ni0.12B0.1C0.15,,,,,,,,,,,,,,,,,,Thermal stability of AlCoCrCuFeNi high entropy alloy thinfilms studied by in-situXRD analysis
AlCoCrCuFeNi,,,,,,,,,,,,,,,,,,Thermal stability of AlCoCrCuFeNi high entropy alloy thinfilms studied by in-situXRD analysis
AlCo0.5CrFeMo0.5Ni,,,BCC + σ,25,,,,,,,,,,,786,,,Microstructure and Mechanical Properties of NewAlCoxCrFeMo0.5Ni High-Entropy Alloys
AlCo1.0CrFeMo0.5Ni,,,BCC + σ,25,,,,,,,,,,,773,,,Microstructure and Mechanical Properties of NewAlCoxCrFeMo0.5Ni High-Entropy Alloys
AlCo1.5CrFeMo0.5Ni,,,BCC + σ,25,,,,,,,,,,,711,,,Microstructure and Mechanical Properties of NewAlCoxCrFeMo0.5Ni High-Entropy Alloys
AlCo2.0CrFeMo0.5Ni,,,FCC + BCC + σ,25,,,,,,,,,,,594,,,Microstructure and Mechanical Properties of NewAlCoxCrFeMo0.5Ni High-Entropy Alloys
AlCo0.5CrFeMo0.5Ni,,,,24.15,,,,,,,,,,,7.37E + 02,,,Microstructure and Mechanical Properties of NewAlCoxCrFeMo0.5Ni High-Entropy Alloys
AlCo0.5CrFeMo0.5Ni,,,,301.07,,,,,,,,,,,6.75E + 02,,,Microstructure and Mechanical Properties of NewAlCoxCrFeMo0.5Ni High-Entropy Alloys
AlCo0.5CrFeMo0.5Ni,,,,400.86,,,,,,,,,,,6.51E + 02,,,Microstructure and Mechanical Properties of NewAlCoxCrFeMo0.5Ni High-Entropy Alloys
AlCo0.5CrFeMo0.5Ni,,,,503.15,,,,,,,,,,,6.47E + 02,,,Microstructure and Mechanical Properties of NewAlCoxCrFeMo0.5Ni High-Entropy Alloys
AlCo0.5CrFeMo0.5Ni,,,,607.93,,,,,,,,,,,6.03E + 02,,,Microstructure and Mechanical Properties of NewAlCoxCrFeMo0.5Ni High-Entropy Alloys
AlCo0.5CrFeMo0.5Ni,,,,702.73,,,,,,,,,,,6.09E + 02,,,Microstructure and Mechanical Properties of NewAlCoxCrFeMo0.5Ni High-Entropy Alloys
AlCo0.5CrFeMo0.5Ni,,,,800.03,,,,,,,,,,,5.30E + 02,,,Microstructure and Mechanical Properties of NewAlCoxCrFeMo0.5Ni High-Entropy Alloys
AlCo0.5CrFeMo0.5Ni,,,,"1,004.60",,,,,,,,,,,3.52E + 02,,,Microstructure and Mechanical Properties of NewAlCoxCrFeMo0.5Ni High-Entropy Alloys
AlCo1.0CrFeMo0.5Ni,,,,26.64,,,,,,,,,,,7.35E + 02,,,Microstructure and Mechanical Properties of NewAlCoxCrFeMo0.5Ni High-Entropy Alloys
AlCo1.0CrFeMo0.5Ni,,,,298.58,,,,,,,,,,,6.66E + 02,,,Microstructure and Mechanical Properties of NewAlCoxCrFeMo0.5Ni High-Entropy Alloys
AlCo1.0CrFeMo0.5Ni,,,,400.86,,,,,,,,,,,6.53E + 02,,,Microstructure and Mechanical Properties of NewAlCoxCrFeMo0.5Ni High-Entropy Alloys
AlCo1.0CrFeMo0.5Ni,,,,498.16,,,,,,,,,,,6.39E + 02,,,Microstructure and Mechanical Properties of NewAlCoxCrFeMo0.5Ni High-Entropy Alloys
AlCo1.0CrFeMo0.5Ni,,,,600.45,,,,,,,,,,,6.12E + 02,,,Microstructure and Mechanical Properties of NewAlCoxCrFeMo0.5Ni High-Entropy Alloys
AlCo1.0CrFeMo0.5Ni,,,,700.24,,,,,,,,,,,5.93E + 02,,,Microstructure and Mechanical Properties of NewAlCoxCrFeMo0.5Ni High-Entropy Alloys
AlCo1.0CrFeMo0.5Ni,,,,800.03,,,,,,,,,,,5.28E + 02,,,Microstructure and Mechanical Properties of NewAlCoxCrFeMo0.5Ni High-Entropy Alloys
AlCo1.0CrFeMo0.5Ni,,,,899.82,,,,,,,,,,,4.46E + 02,,,Microstructure and Mechanical Properties of NewAlCoxCrFeMo0.5Ni High-Entropy Alloys
AlCo1.0CrFeMo0.5Ni,,,,"1,002.11",,,,,,,,,,,3.47E + 02,,,Microstructure and Mechanical Properties of NewAlCoxCrFeMo0.5Ni High-Entropy Alloys
AlCo1.5CrFeMo0.5Ni,,,,26.64,,,,,,,,,,,6.77E + 02,,,Microstructure and Mechanical Properties of NewAlCoxCrFeMo0.5Ni High-Entropy Alloys
AlCo1.5CrFeMo0.5Ni,,,,301.07,,,,,,,,,,,6.22E + 02,,,Microstructure and Mechanical Properties of NewAlCoxCrFeMo0.5Ni High-Entropy Alloys
AlCo1.5CrFeMo0.5Ni,,,,398.37,,,,,,,,,,,5.84E + 02,,,Microstructure and Mechanical Properties of NewAlCoxCrFeMo0.5Ni High-Entropy Alloys
AlCo1.5CrFeMo0.5Ni,,,,500.65,,,,,,,,,,,5.88E + 02,,,Microstructure and Mechanical Properties of NewAlCoxCrFeMo0.5Ni High-Entropy Alloys
AlCo1.5CrFeMo0.5Ni,,,,602.94,,,,,,,,,,,5.63E + 02,,,Microstructure and Mechanical Properties of NewAlCoxCrFeMo0.5Ni High-Entropy Alloys
AlCo1.5CrFeMo0.5Ni,,,,702.73,,,,,,,,,,,5.49E + 02,,,Microstructure and Mechanical Properties of NewAlCoxCrFeMo0.5Ni High-Entropy Alloys
AlCo1.5CrFeMo0.5Ni,,,,797.54,,,,,,,,,,,4.42E + 02,,,Microstructure and Mechanical Properties of NewAlCoxCrFeMo0.5Ni High-Entropy Alloys
AlCo1.5CrFeMo0.5Ni,,,,902.32,,,,,,,,,,,3.39E + 02,,,Microstructure and Mechanical Properties of NewAlCoxCrFeMo0.5Ni High-Entropy Alloys
AlCo1.5CrFeMo0.5Ni,,,,"1,004.60",,,,,,,,,,,2.43E + 02,,,Microstructure and Mechanical Properties of NewAlCoxCrFeMo0.5Ni High-Entropy Alloys
AlCo2.0CrFeMo0.5Ni,,,,24.15,,,,,,,,,,,5.26E + 02,,,Microstructure and Mechanical Properties of NewAlCoxCrFeMo0.5Ni High-Entropy Alloys
AlCo2.0CrFeMo0.5Ni,,,,301.07,,,,,,,,,,,4.67E + 02,,,Microstructure and Mechanical Properties of NewAlCoxCrFeMo0.5Ni High-Entropy Alloys
AlCo2.0CrFeMo0.5Ni,,,,400.86,,,,,,,,,,,4.54E + 02,,,Microstructure and Mechanical Properties of NewAlCoxCrFeMo0.5Ni High-Entropy Alloys
AlCo2.0CrFeMo0.5Ni,,,,500.65,,,,,,,,,,,4.50E + 02,,,Microstructure and Mechanical Properties of NewAlCoxCrFeMo0.5Ni High-Entropy Alloys
AlCo2.0CrFeMo0.5Ni,,,,600.45,,,,,,,,,,,4.21E + 02,,,Microstructure and Mechanical Properties of NewAlCoxCrFeMo0.5Ni High-Entropy Alloys
AlCo2.0CrFeMo0.5Ni,,,,702.73,,,,,,,,,,,4.02E + 02,,,Microstructure and Mechanical Properties of NewAlCoxCrFeMo0.5Ni High-Entropy Alloys
AlCo2.0CrFeMo0.5Ni,,,,802.53,,,,,,,,,,,3.52E + 02,,,Microstructure and Mechanical Properties of NewAlCoxCrFeMo0.5Ni High-Entropy Alloys
AlCo2.0CrFeMo0.5Ni,,,,899.82,,,,,,,,,,,2.66E + 02,,,Microstructure and Mechanical Properties of NewAlCoxCrFeMo0.5Ni High-Entropy Alloys
AlCo2.0CrFeMo0.5Ni,,,,"1,002.11",,,,,,,,,,,1.67E + 02,,,Microstructure and Mechanical Properties of NewAlCoxCrFeMo0.5Ni High-Entropy Alloys
CuNiCoZnAlTi,,,,,,,,,,,,,,,,,,Processing and properties of nanocrystalline CuNiCoZnAlTi high entropy alloysby mechanical alloying
Al0.3CoCrFeNi,,,FCC,,,,,,,,,,,,,,,The effect of molybdenum on the corrosion behaviour of the high-entropyalloys Co1.5CrFeNi1.5Ti0.5Moxin aqueous environments
Al0.3CoCrFeNiMo0.1,,,FCC,,,,,,,,,,,,,,,The effect of molybdenum on the corrosion behaviour of the high-entropyalloys Co1.5CrFeNi1.5Ti0.5Moxin aqueous environments
Al0.3CoCrFeNiTi0.1,,,FCC,,,,,,,,,,,,时效强化700摄氏度,,,The effect of molybdenum on the corrosion behaviour of the high-entropyalloys Co1.5CrFeNi1.5Ti0.5Moxin aqueous environments
Al0.3CoCrFeNiC0.1,,,,,,,,,,,,,,,,,,The effect of molybdenum on the corrosion behaviour of the high-entropyalloys Co1.5CrFeNi1.5Ti0.5Moxin aqueous environments
Co1.5CrFeNi1.5Ti0.5Mo0,,,,,,,,,,,,,,,,,,he effect of molybdenum on the corrosion behaviour of the high-entropyalloys Co1.5CrFeNi1.5Ti0.5Moxin aqueous environments
Co1.5CrFeNi1.5Ti0.5Mo0.1,,,,,,,,,,,,,,,,,,he effect of molybdenum on the corrosion behaviour of the high-entropyalloys Co1.5CrFeNi1.5Ti0.5Moxin aqueous environments
Co1.5CrFeNi1.5Ti0.5Mo0.5,,,,,,,,,,,,,,,,,,he effect of molybdenum on the corrosion behaviour of the high-entropyalloys Co1.5CrFeNi1.5Ti0.5Moxin aqueous environments
Co1.5CrFeNi1.5Ti0.5Mo0.8,,,,,,,,,,,,,,,,,,he effect of molybdenum on the corrosion behaviour of the high-entropyalloys Co1.5CrFeNi1.5Ti0.5Moxin aqueous environments
CoCrFeNiAl0.3,as-cast,,FCC,,,,,,,,,,,,,,,Formation of ordered/disordered nanoparticles in FCC high entropy alloys
CoCrFeNiTi0.3,as-cast,,FCC,,,,,,,,,,,,,,,Formation of ordered/disordered nanoparticles in FCC high entropy alloys
CoCrFeNiMo0.3,as-cast,,FCC,,,,,,,,,,,,,,,Formation of ordered/disordered nanoparticles in FCC high entropy alloys
CoCrFeNiAl0.3Mo0.1,as-cast,,FCC,,,,,,,,,,,,,,,Formation of ordered/disordered nanoparticles in FCC high entropy alloys
CoCrCuFeNi,as-cast,,FCC,,,,,,,,,,,,,,,Formation of ordered/disordered nanoparticles in FCC high entropy alloys
AlCoCrCuFeNi,,,FCC + BCC,,,,,,,,,,,,,,,Formation of ordered/disordered nanoparticles in FCC high entropy alloys
FeCoCrNi,,,FCC,,,,,,,,,,,,,,,Formation of ordered/disordered nanoparticles in FCC high entropy alloys
FeCoCrNiPd,,,FCC,,,,,,,,,,,,,,,Magnetic and vibrational properties of high-entropy alloys
FeCoCrNiPd2,,,FCC,,,,,,,,,,,,,,,Magnetic and vibrational properties of high-entropy alloys
FeCoCrNiAl2,,,BCC,,,,,,,,,,,,,,,Magnetic and vibrational properties of high-entropy alloys
FeCoCrNiAlCu,,,FCC + BCC,,,,,,,,,,,,,,,Magnetic and vibrational properties of high-entropy alloys
AlCoCrFeNi,,,BCC,-196.15,-196.15,1880,,,,3550,14.3,,,,,,,Microstructural characteristics and mechanical behaviors of AlCoCrFeNi high-entropy alloys at ambient and cryogenic temperatures
AlCoCrFeNi,,,BCC,24.85,24.85,1450,,,,2960,15.5,,,,,,,Microstructural characteristics and mechanical behaviors of AlCoCrFeNi high-entropy alloys at ambient and cryogenic temperatures
 Nb25Mo25Ta25W25,,,BCC,,,,,,,,,,,,454.793431,,arc melt,Mechanical properties of Nb25Mo25Ta25W25and V20Nb20Mo20Ta20W20refractory high entropy alloys
V20Nb20Mo20Ta20W20,,,BCC,,,,,,,,,,,,552.6861874,,arc melt,Mechanical properties of Nb25Mo25Ta25W25and V20Nb20Mo20Ta20W20refractory high entropy alloys
 Nb25Mo25Ta25W25,,,BCC,23,,1058,,1211,1.5,,,,,,,,,Mechanical properties of Nb25Mo25Ta25W25and V20Nb20Mo20Ta20W20refractory high entropy alloys
 Nb25Mo25Ta25W25,,,BCC,600,,561,,,,,,,,,,,,Mechanical properties of Nb25Mo25Ta25W25and V20Nb20Mo20Ta20W20refractory high entropy alloys
 Nb25Mo25Ta25W25,,,BCC,800,,552,,,,,,,,,,,,Mechanical properties of Nb25Mo25Ta25W25and V20Nb20Mo20Ta20W20refractory high entropy alloys
 Nb25Mo25Ta25W25,,,BCC,1000,,548,,1008,16,,,,,,,,,Mechanical properties of Nb25Mo25Ta25W25and V20Nb20Mo20Ta20W20refractory high entropy alloys
 Nb25Mo25Ta25W25,,,BCC,1200,,506,,803,12,,,,,,,,,Mechanical properties of Nb25Mo25Ta25W25and V20Nb20Mo20Ta20W20refractory high entropy alloys
 Nb25Mo25Ta25W25,,,BCC,1400,,421,,467,9,,,,,,,,,Mechanical properties of Nb25Mo25Ta25W25and V20Nb20Mo20Ta20W20refractory high entropy alloys
 Nb25Mo25Ta25W25,,,BCC,1600,,405,,600,27,,,,,,,,,Mechanical properties of Nb25Mo25Ta25W25and V20Nb20Mo20Ta20W20refractory high entropy alloys
V20Nb20Mo20Ta20W20,,,BCC,23,,1246,,1270,0.5,1087,1.7,,,,,,,Mechanical properties of Nb25Mo25Ta25W25and V20Nb20Mo20Ta20W20refractory high entropy alloys
V20Nb20Mo20Ta20W20,,,BCC,600,,862,,1597,13,1597,13,,,,,,,Mechanical properties of Nb25Mo25Ta25W25and V20Nb20Mo20Ta20W20refractory high entropy alloys
V20Nb20Mo20Ta20W20,,,BCC,800,,846,,1536,16,1509,17,,,,,,,Mechanical properties of Nb25Mo25Ta25W25and V20Nb20Mo20Ta20W20refractory high entropy alloys
V20Nb20Mo20Ta20W20,,,BCC,1000,,842,,1454,14,1370,19,,,,,,,Mechanical properties of Nb25Mo25Ta25W25and V20Nb20Mo20Ta20W20refractory high entropy alloys
V20Nb20Mo20Ta20W20,,,BCC,1200,,735,,943,4.2,802,7.5,,,,,,,Mechanical properties of Nb25Mo25Ta25W25and V20Nb20Mo20Ta20W20refractory high entropy alloys
V20Nb20Mo20Ta20W20,,,BCC,1400,,656,,707,1.6,,,,,,,,,Mechanical properties of Nb25Mo25Ta25W25and V20Nb20Mo20Ta20W20refractory high entropy alloys
V20Nb20Mo20Ta20W20,,,BCC,1600,,477,,479,0.95,,,,,,,,,Mechanical properties of Nb25Mo25Ta25W25and V20Nb20Mo20Ta20W20refractory high entropy alloys
Al0.5CoCrFeNi ,as-cast,,FCC,,,,,,,,,,,,247,,,"Evolution of microstructure, hardness, and corrosion properties of high-entropyAl0.5CoCrFeNi alloy"
Fe6NiCoSiCrAlTi ,,,BCC,,,,,,,,,,,,,,laser cladding ,Microstructure and properties of 6FeNiCoSiCrAlTi high-entropy alloy coatingprepared by laser cladding
TaNbHfZrTi ,,9.94,BCC,23,,929,0.2,,,,,,,,390.1434231,,arc melting,Microstructure and room temperature properties of a high-entropyTaNbHfZrTi alloy
TaNbWMoV,,,,23,,1246,0.2,,,,,,,,,,,Microstructure and room temperature properties of a high-entropyTaNbHfZrTi alloy
TaNbWMo,,,,23,,1058,0.2,,,,,,,,,,,Microstructure and room temperature properties of a high-entropyTaNbHfZrTi alloy
Co1.5CrFeNi1.5Ti0.5,,,,,,,,,,,,,,,509,198.795,,Microstructure and wear behavior of AlxCo1.5CrFeNi1.5Tiy high-entropy alloys
Al0.2Co1.5CrFeNi1.5Ti0.5,,,,,,,,,,,,,,,487,234.94,,Microstructure and wear behavior of AlxCo1.5CrFeNi1.5Tiy high-entropy alloys
Co1.5CrFeNi1.5Ti,,,,,,,,,,,,,,,654,2692.77,,Microstructure and wear behavior of AlxCo1.5CrFeNi1.5Tiy high-entropy alloys
Al0.2Co1.5CrFeNi1.5Ti,,,,,,,,,,,,,,,717,5439.76,,Microstructure and wear behavior of AlxCo1.5CrFeNi1.5Tiy high-entropy alloys
AlCoCr0FeMo0.5Ni,as-cast,,B2 + σ,RT,,,,,,,,,,,601,,,On the superior hot hardness and softening resistance of AlCoCr x FeMo 0.5 Ni high-entropy alloys
AlCoCr0.5FeMo0.5Ni,as-cast,,B2 + σ,RT,,,,,,,,,,,610.105,,,On the superior hot hardness and softening resistance of AlCoCr x FeMo 0.5 Ni high-entropy alloys
AlCoCr1.0FeMo0.5Ni,as-cast,,B2 + σ,RT,,,,,,,,,,,727.178,,,On the superior hot hardness and softening resistance of AlCoCr x FeMo 0.5 Ni high-entropy alloys
AlCoCr1.5FeMo0.5Ni,as-cast,,B2 + σ,RT,,,,,,,,,,,813.589,,,On the superior hot hardness and softening resistance of AlCoCr x FeMo 0.5 Ni high-entropy alloys
AlCoCr2.0FeMo0.5Ni,as-cast,,B2 + σ,RT,,,,,,,,,,,867,,,On the superior hot hardness and softening resistance of AlCoCr x FeMo 0.5 Ni high-entropy alloys
TiZrNbMo,,,BCC,,,,,,,,,,,,,,,Alloy Design and Properties Optimization of High-Entropy Alloys
TiZrNbMoV0.25,,,BCC,,,,,,,,,,,,,,,Alloy Design and Properties Optimization of High-Entropy Alloys
TiZrNbMoV0.5,,,BCC,,,,,,,,,,,,,,,Alloy Design and Properties Optimization of High-Entropy Alloys
TiZrNbMoV0.75,,,BCC,,,,,,,,,,,,,,,Alloy Design and Properties Optimization of High-Entropy Alloys
TiZrNbMoV1,,,BCC,,,,,,,,,,,,,,,Alloy Design and Properties Optimization of High-Entropy Alloys
TiZrNbMoV1.5,,,BCC,,,,,,,,,,,,,,,Alloy Design and Properties Optimization of High-Entropy Alloys
TiZrNbMoV2,,,BCC,,,,,,,,,,,,,,,Alloy Design and Properties Optimization of High-Entropy Alloys
TiZrNbMoV3,,,BCC,,,,,,,,,,,,,,,Alloy Design and Properties Optimization of High-Entropy Alloys
CoCrFeNiAl,,,BCC,,,,,,,,,,,,,,,Alloy Design and Properties Optimization of High-Entropy Alloys
CoCrFeNiAlNb0.1,,,BCC,,,,,,,,,,,,,,,Alloy Design and Properties Optimization of High-Entropy Alloys
CoCrFeNiAlNb0.25,,,BCC + Laves,,,,,,,,,,,,,,,Alloy Design and Properties Optimization of High-Entropy Alloys
CoCrFeNiAlNb0.5,,,BCC + Laves,,,,,,,,,,,,,,,Alloy Design and Properties Optimization of High-Entropy Alloys
CoCrFeNiAlNb0.75,,,BCC + Laves,,,,,,,,,,,,,,,Alloy Design and Properties Optimization of High-Entropy Alloys
Co-Cr-Fe-Mn-Ni,,,FCC,,,,,,,,,,,,,,,On the diffusion in high-entropy alloys
Al-Co-Cr-Cu-Fe,,,FCC + BCC,,,,,,,,,,,,770,,MA,Alloyingbehaviorinmulti-componentAlCoCrCuFeandNiCoCrCuFehighentropyalloys
Ni-Co-Cr-Cu-Fe,,,FCC + BCC,,,,,,,,,,,,400,,MA,Alloyingbehaviorinmulti-componentAlCoCrCuFeandNiCoCrCuFehighentropyalloys
Ni-Co-Cr-Fe,,,FCC + BCC,,,,,,,,,,,,490,,MA,Alloyingbehaviorinmulti-componentAlCoCrCuFeandNiCoCrCuFehighentropyalloys
Ni-Co-Cu-Fe,,,FCC,,,,,,,,,,,,160,,MA,Alloyingbehaviorinmulti-componentAlCoCrCuFeandNiCoCrCuFehighentropyalloys
Ni-Co-Fe,,,FCC,,,,,,,,,,,,230,,MA,Alloyingbehaviorinmulti-componentAlCoCrCuFeandNiCoCrCuFehighentropyalloys
CoCrFeNiAl,,,BCC,,,,,,,,,,,,,,,Predictionofhigh-entropystabilizedsolid-solutioninmulti-componentalloys
CoCrFeNiCu,,,FCC,,,,,,,,,,,,,,,Predictionofhigh-entropystabilizedsolid-solutioninmulti-componentalloys
CoCrFeNiCuAl0 3,,,FCC,,,,,,,,,,,,,,,Predictionofhigh-entropystabilizedsolid-solutioninmulti-componentalloys
CoCrFeNiCuAl0.5,,,FCC,,,,,,,,,,,,,,,Predictionofhigh-entropystabilizedsolid-solutioninmulti-componentalloys
CoCrFeNiCuAl0.8,,,FCC + BCC,,,,,,,,,,,,,,,Predictionofhigh-entropystabilizedsolid-solutioninmulti-componentalloys
CoCrFeNiCuAl,,,FCC + BCC,,,,,,,,,,,,,,,Predictionofhigh-entropystabilizedsolid-solutioninmulti-componentalloys
CoCrFeNiCuAl1,,,FCC + BCC,,,,,,,,,,,,,,,Predictionofhigh-entropystabilizedsolid-solutioninmulti-componentalloys
CoCrFeNiCuAl1.5,,,FCC + BCC,,,,,,,,,,,,,,,Predictionofhigh-entropystabilizedsolid-solutioninmulti-componentalloys
CoCrFeNiCuAl1.8,,,FCC + BCC,,,,,,,,,,,,,,,Predictionofhigh-entropystabilizedsolid-solutioninmulti-componentalloys
CoCrFeNiCuAh,,,FCC + BCC,,,,,,,,,,,,,,,Predictionofhigh-entropystabilizedsolid-solutioninmulti-componentalloys
CoCrFeNiCuAl2.3,,,BCC,,,,,,,,,,,,,,,Predictionofhigh-entropystabilizedsolid-solutioninmulti-componentalloys
CoCrFeNiCuAl2.5,,,BCC,,,,,,,,,,,,,,,Predictionofhigh-entropystabilizedsolid-solutioninmulti-componentalloys
CoCrFeNiCuAl2.8,,,BCC,,,,,,,,,,,,,,,Predictionofhigh-entropystabilizedsolid-solutioninmulti-componentalloys
CoCrFeNiCuAl3,,,BCC,,,,,,,,,,,,,,,Predictionofhigh-entropystabilizedsolid-solutioninmulti-componentalloys
CoCrFeNiCuAlSi,,,FCC + BCC,,,,,,,,,,,,,,,Predictionofhigh-entropystabilizedsolid-solutioninmulti-componentalloys
MnCrFeNiCuAl,,,BCC,,,,,,,,,,,,,,,Predictionofhigh-entropystabilizedsolid-solutioninmulti-componentalloys
CoCrFeNiMnGe,,,FCC + BCC,,,,,,,,,,,,,,,Predictionofhigh-entropystabilizedsolid-solutioninmulti-componentalloys
CoCrFeNiMn,,,FCC,,,,,,,,,,,,,,,Predictionofhigh-entropystabilizedsolid-solutioninmulti-componentalloys
CoCrFeNiMnCu,,,FCC,,,,,,,,,,,,,,,Predictionofhigh-entropystabilizedsolid-solutioninmulti-componentalloys
CoCrNiCu0.5Al,,,BCC,,,,,,,,,,,,,,,Predictionofhigh-entropystabilizedsolid-solutioninmulti-componentalloys
TiCoCrFeNiCuAlV,,,FCC + BCC,,,,,,,,,,,,,,,Predictionofhigh-entropystabilizedsolid-solutioninmulti-componentalloys
CoCrFeNiCu0.5,,,FCC,,,,,,,,,,,,,,,Predictionofhigh-entropystabilizedsolid-solutioninmulti-componentalloys
CoCrNiCuAl,,,FCC + BCC,,,,,,,,,,,,,,,Predictionofhigh-entropystabilizedsolid-solutioninmulti-componentalloys
CoCuNiAl,,,FCC + BCC,,,,,,,,,,,,,,,Predictionofhigh-entropystabilizedsolid-solutioninmulti-componentalloys
CuNiAl,,,FCC + BCC,,,,,,,,,,,,,,,Predictionofhigh-entropystabilizedsolid-solutioninmulti-componentalloys
CuNi,,,FCC,,,,,,,,,,,,,,,Predictionofhigh-entropystabilizedsolid-solutioninmulti-componentalloys
Co0.5CrFeNiCuAl,,,FCC + BCC,,,,,,,,,,,,,,,Predictionofhigh-entropystabilizedsolid-solutioninmulti-componentalloys
CoCr0.5FeNiCuAl,,,FCC + BCC,,,,,,,,,,,,,,,Predictionofhigh-entropystabilizedsolid-solutioninmulti-componentalloys
CoCrFe0.5NiCuAl,,,FCC + BCC,,,,,,,,,,,,,,,Predictionofhigh-entropystabilizedsolid-solutioninmulti-componentalloys
CoCrFeNi0.5CuAl,,,FCC + BCC,,,,,,,,,,,,,,,Predictionofhigh-entropystabilizedsolid-solutioninmulti-componentalloys
CoCrFeNiCu0.5Al,,,BCC,,,,,,,,,,,,,,,Predictionofhigh-entropystabilizedsolid-solutioninmulti-componentalloys
Ti0.5CoCrFeNiCu,,,FCC,,,,,,,,,,,,,,,Predictionofhigh-entropystabilizedsolid-solutioninmulti-componentalloys
Ti0.5CoCrFeNiAl,,,BCC1 + BCC2,,,,,,,,,,,,,,,Predictionofhigh-entropystabilizedsolid-solutioninmulti-componentalloys
TiCoCrFeNiAl,,,BCC1 + BCC2,,,,,,,,,,,,,,,Predictionofhigh-entropystabilizedsolid-solutioninmulti-componentalloys
Aln.1 (TiCoCrFeNiCuVMn)88.9,,,FCC + BCC,,,,,,,,,,,,,,,Predictionofhigh-entropystabilizedsolid-solutioninmulti-componentalloys
Al20(TiCoCrFeNiCuVMn)80,,,BCC,,,,,,,,,,,,,,,Predictionofhigh-entropystabilizedsolid-solutioninmulti-componentalloys
TiCr0.5FeNiCuAl,,,FCC + BCC,,,,,,,,,,,,,,,Predictionofhigh-entropystabilizedsolid-solutioninmulti-componentalloys
TiCrFeNiCuAl,,,FCC + BCC,,,,,,,,,,,,,,,Predictionofhigh-entropystabilizedsolid-solutioninmulti-componentalloys
TiCr1.5FeNiCuAl,,,FCC + BCC,,,,,,,,,,,,,,,Predictionofhigh-entropystabilizedsolid-solutioninmulti-componentalloys
TiCr2FeNiCuAl,,,FCC + BCC,,,,,,,,,,,,,,,Predictionofhigh-entropystabilizedsolid-solutioninmulti-componentalloys
TiCr3FeNiCuAl,,,FCC + BCC,,,,,,,,,,,,,,,Predictionofhigh-entropystabilizedsolid-solutioninmulti-componentalloys
TiCoCrFeNiCuAl,,,BCC1 + BCC2 + FCC,,,,,,,,,,,,,,,Predictionofhigh-entropystabilizedsolid-solutioninmulti-componentalloys
CoCrFeNiCuAlV,,,FCC + BCC,,,,,,,,,,,,,,,Predictionofhigh-entropystabilizedsolid-solutioninmulti-componentalloys
Ti0.5Co1.5CrFeNiAl,,,FCC + BCC,,,,,,,,,,,,,,,Predictionofhigh-entropystabilizedsolid-solutioninmulti-componentalloys
Ti0.5 Co2 CrFeNiAl,,,FCC + BCC,,,,,,,,,,,,,,,Predictionofhigh-entropystabilizedsolid-solutioninmulti-componentalloys
Ti0.5Co3CrFeNiAl,,,FCC + BCC,,,,,,,,,,,,,,,Predictionofhigh-entropystabilizedsolid-solutioninmulti-componentalloys
Ti0.5 CoCrFeNiCu0.75Al0.25,,,FCC,,,,,,,,,,,,,,,Predictionofhigh-entropystabilizedsolid-solutioninmulti-componentalloys
Ti0.5CoCeFeNiCu0.5Al0.5,,,FCC + BCC,,,,,,,,,,,,,,,Predictionofhigh-entropystabilizedsolid-solutioninmulti-componentalloys
Ti0.5CoCrFeNiCu0.25Al0.75,,,BCC1 + BCC2,,,,,,,,,,,,,,,Predictionofhigh-entropystabilizedsolid-solutioninmulti-componentalloys
CoCrFeNiCu0.25Al,,,BCC,,,,,,,,,,,,,,,Predictionofhigh-entropystabilizedsolid-solutioninmulti-componentalloys
CoFeNiCuV,,,FCC,,,,,,,,,,,,,,,Predictionofhigh-entropystabilizedsolid-solutioninmulti-componentalloys
CoCrFeNiCu0.75Al0.25,,,FCC,,,,,,,,,,,,,,,Predictionofhigh-entropystabilizedsolid-solutioninmulti-componentalloys
CoCrFeNiCu0.5Al0.5,,,FCC,,,,,,,,,,,,,,,Predictionofhigh-entropystabilizedsolid-solutioninmulti-componentalloys
CoCrFeNiCu0.25Al0.75,,,FCC + BCC,,,,,,,,,,,,,,,Predictionofhigh-entropystabilizedsolid-solutioninmulti-componentalloys
Ti0.5CoCrFeNiCu0.25Al,,,BCC1 + BCC2,,,,,,,,,,,,,,,Predictionofhigh-entropystabilizedsolid-solutioninmulti-componentalloys
Ti0.5CoCrFeNiCu0.5Al,,,BCC1 + BCC2,,,,,,,,,,,,,,,Predictionofhigh-entropystabilizedsolid-solutioninmulti-componentalloys
CoCrFeNi,,,FCC,,,,,,,,,,,,,,,Predictionofhigh-entropystabilizedsolid-solutioninmulti-componentalloys
CoCrFeNiAl0.25,,,FCC,,,,,,,,,,,,,,,Predictionofhigh-entropystabilizedsolid-solutioninmulti-componentalloys
CoCrFeNiAl0.375,,,FCC,,,,,,,,,,,,,,,Predictionofhigh-entropystabilizedsolid-solutioninmulti-componentalloys
CoCrFeNiAl0.5,,,FCC + BCC,,,,,,,,,,,,,,,Predictionofhigh-entropystabilizedsolid-solutioninmulti-componentalloys
CoCrFeNiAl0.75,,,FCC + BCC,,,,,,,,,,,,,,,Predictionofhigh-entropystabilizedsolid-solutioninmulti-componentalloys
CoCrFeNiAl0.875,,,FCC + BCC,,,,,,,,,,,,,,,Predictionofhigh-entropystabilizedsolid-solutioninmulti-componentalloys
CoCrFeNiAl1.25,,,BCC,,,,,,,,,,,,,,,Predictionofhigh-entropystabilizedsolid-solutioninmulti-componentalloys
CoCrFeNiAl1.5,,,BCC,,,,,,,,,,,,,,,Predictionofhigh-entropystabilizedsolid-solutioninmulti-componentalloys
CoCrFeNiAl2,,,BCC,,,,,,,,,,,,,,,Predictionofhigh-entropystabilizedsolid-solutioninmulti-componentalloys
CoCrFeNiAl2.5,,,BCC,,,,,,,,,,,,,,,Predictionofhigh-entropystabilizedsolid-solutioninmulti-componentalloys
CoCrFeNiAl3,,,BCC,,,,,,,,,,,,,,,Predictionofhigh-entropystabilizedsolid-solutioninmulti-componentalloys
MnCrFe1.5Ni0.5Al0.3,,,BCC,,,,,,,,,,,,,,,Predictionofhigh-entropystabilizedsolid-solutioninmulti-componentalloys
MnCrFe1.5Ni0.5Al0.5,,,BCC,,,,,,,,,,,,,,,Predictionofhigh-entropystabilizedsolid-solutioninmulti-componentalloys
MoCrFeNiCu,,,FCC,,,,,,,,,,,,,,,Predictionofhigh-entropystabilizedsolid-solutioninmulti-componentalloys
Ti0.5Co1.5CrFeNi1.5,,,FCC,,,,,,,,,,,,,,,Predictionofhigh-entropystabilizedsolid-solutioninmulti-componentalloys
Ti0.5Co1.5CrFeNi1.5Mo0.1,,,FCC,,,,,,,,,,,,,,,Predictionofhigh-entropystabilizedsolid-solutioninmulti-componentalloys
CoCrFeNiCuAl0.5V0.2,,,FCC,,,,,,,,,,,,,,,Predictionofhigh-entropystabilizedsolid-solutioninmulti-componentalloys
CoCrFeNiCuAl0 5V0 4,,,FCC + BCC,,,,,,,,,,,,,,,Predictionofhigh-entropystabilizedsolid-solutioninmulti-componentalloys
CoCrFeNiCuAl0.5V1.2,,,FCC + BCC,,,,,,,,,,,,,,,Predictionofhigh-entropystabilizedsolid-solutioninmulti-componentalloys
CoCrFeNiCuAl0.5V1.4,,,FCC + BCC,,,,,,,,,,,,,,,Predictionofhigh-entropystabilizedsolid-solutioninmulti-componentalloys
CoCrFeNiCuAl0 5V1 6,,,FCC + BCC,,,,,,,,,,,,,,,Predictionofhigh-entropystabilizedsolid-solutioninmulti-componentalloys
CoCrFeNiCuAl0.5V1.8,,,FCC + BCC,,,,,,,,,,,,,,,Predictionofhigh-entropystabilizedsolid-solutioninmulti-componentalloys
CoCrFeNiCuAl0.5V2,,,FCC + BCC,,,,,,,,,,,,,,,Predictionofhigh-entropystabilizedsolid-solutioninmulti-componentalloys
MnCrFeNiCu,,,FCC + BCC,,,,,,,,,,,,,,,Predictionofhigh-entropystabilizedsolid-solutioninmulti-componentalloys
Mn2CrFeNi2Cu,,,FCC,,,,,,,,,,,,,,,Predictionofhigh-entropystabilizedsolid-solutioninmulti-componentalloys
MnCr2Fe2NiCu,,,FCC + BCC,,,,,,,,,,,,,,,Predictionofhigh-entropystabilizedsolid-solutioninmulti-componentalloys
Mn2 Cr2 Fe2Ni2 Cu,,,FCC,,,,,,,,,,,,,,,Predictionofhigh-entropystabilizedsolid-solutioninmulti-componentalloys
Mn2 CrFe2NiCu2,,,FCC + BCC,,,,,,,,,,,,,,,Predictionofhigh-entropystabilizedsolid-solutioninmulti-componentalloys
MnCrFe2Ni2Cu2,,,FCC,,,,,,,,,,,,,,,Predictionofhigh-entropystabilizedsolid-solutioninmulti-componentalloys
Mn2Cr2FeNi2Cu2,,,FCC + BCC,,,,,,,,,,,,,,,Predictionofhigh-entropystabilizedsolid-solutioninmulti-componentalloys
MnCr2Fe2Ni2Cu2,,,FCC + BCC,,,,,,,,,,,,,,,Predictionofhigh-entropystabilizedsolid-solutioninmulti-componentalloys
W27.3 Nb22.7Mo25.6Td24.4,,,BCC,,,,,,,,,,,,,,,Predictionofhigh-entropystabilizedsolid-solutioninmulti-componentalloys
W21.1Nb20.6Mo21.7Ta15.6V21,,,BCC,,,,,,,,,,,,,,,Predictionofhigh-entropystabilizedsolid-solutioninmulti-componentalloys
Ti0.3 CoCrFeNi,,,FCC + HCP,,,,,,,,,,,,,,,Predictionofhigh-entropystabilizedsolid-solutioninmulti-componentalloys
Ti0.1 CoCrFeNiAl0.3,,,FCC,,,,,,,,,,,,,,,Predictionofhigh-entropystabilizedsolid-solutioninmulti-componentalloys
TiCoNiCuAlZn,,,BCC,,,,,,,,,,,,,,,Predictionofhigh-entropystabilizedsolid-solutioninmulti-componentalloys
CoCrFeNiMo0.3,,,FCC,,,,,,,,,,,,,,,Predictionofhigh-entropystabilizedsolid-solutioninmulti-componentalloys
CoCrFeNiAl0.3Mo0.1,,,FCC,,,,,,,,,,,,,,,Predictionofhigh-entropystabilizedsolid-solutioninmulti-componentalloys
CoCrFeNiCuAlMo0.2,,,FCC + BCC,,,,,,,,,,,,,,,Predictionofhigh-entropystabilizedsolid-solutioninmulti-componentalloys
Ti0.8CoCrFeNiCu,,,FCC + Laves phase,,,,,,,,,,,,,,,Predictionofhigh-entropystabilizedsolid-solutioninmulti-componentalloys
TiCoCrFeNiCu,,,FCC + Laves phase,,,,,,,,,,,,,,,Predictionofhigh-entropystabilizedsolid-solutioninmulti-componentalloys
Ti1.5CoCrFeNiAl,,,BCC1 + BCC2 + Laves phase,,,,,,,,,,,,,,,Predictionofhigh-entropystabilizedsolid-solutioninmulti-componentalloys
CoCrFeNiCuAlMn,,,FCC + BCC + unknown phase,,,,,,,,,,,,,,,Predictionofhigh-entropystabilizedsolid-solutioninmulti-componentalloys
CrFeNiCuZr,,,BCC + compounds,,,,,,,,,,,,,,,Predictionofhigh-entropystabilizedsolid-solutioninmulti-componentalloys
Ti0.5Co1.5CrFeNi1.5Mo0.5,,,FCC + σ phase,,,,,,,,,,,,,,,Predictionofhigh-entropystabilizedsolid-solutioninmulti-componentalloys
Ti0.5Co1.5CrFeNi1.5Mo0.8,,,FCC + σ phase,,,,,,,,,,,,,,,Predictionofhigh-entropystabilizedsolid-solutioninmulti-componentalloys
TiCoCrNiCuAl,,,BCC + Cu + Cr,,,,,,,,,,,,,,,Predictionofhigh-entropystabilizedsolid-solutioninmulti-componentalloys
CoCrFeNiCuAl0.5V0.6,,,FCC + BCC + σ phase,,,,,,,,,,,,,,,Predictionofhigh-entropystabilizedsolid-solutioninmulti-componentalloys
CoCrFeNiCuAl0.5V0.8,,,FCC + BCC + σ phase,,,,,,,,,,,,,,,Predictionofhigh-entropystabilizedsolid-solutioninmulti-componentalloys
CoCrFeNiCuAl0.5V,,,FCC + BCC + σ phase,,,,,,,,,,,,,,,Predictionofhigh-entropystabilizedsolid-solutioninmulti-componentalloys
CoCrFeNiCuAl0.5B0.2,,,FCC + boride,,,,,,,,,,,,,,,Predictionofhigh-entropystabilizedsolid-solutioninmulti-componentalloys
CoCrFeNiCuAl0.5B0.6,,,FCC + boride,,,,,,,,,,,,,,,Predictionofhigh-entropystabilizedsolid-solutioninmulti-componentalloys
CoCrFeNiCuAl0.5B,,,FCC + ordered FCC + boride,,,,,,,,,,,,,,,Predictionofhigh-entropystabilizedsolid-solutioninmulti-componentalloys
TiCoCrFeNiCuVMn,,,FCC + BCC + σ phase + unknown phase,,,,,,,,,,,,,,,Predictionofhigh-entropystabilizedsolid-solutioninmulti-componentalloys
Al40(TiCoCrFeNiCuVMn)60,,,BCC + Al3Ti + unknown phase,,,,,,,,,,,,,,,Predictionofhigh-entropystabilizedsolid-solutioninmulti-componentalloys
CoCrFeNiCuAlMn,,,FCC + BCC + unknown phase,,,,,,,,,,,,,,,Predictionofhigh-entropystabilizedsolid-solutioninmulti-componentalloys
CoCrFe0.6 NiAlMo0.5,,,BCC + σ phase,,,,,,,,,,,,,,,Predictionofhigh-entropystabilizedsolid-solutioninmulti-componentalloys
CoCrFeNiAlMo0.5,,,BCC + σ phase,,,,,,,,,,,,,,,Predictionofhigh-entropystabilizedsolid-solutioninmulti-componentalloys
CoCrFe1.5 NiAlMo0.5,,,BCC + σ phase,,,,,,,,,,,,,,,Predictionofhigh-entropystabilizedsolid-solutioninmulti-componentalloys
CoCrFe2NiAlMo0.5,,,BCC + σ phase,,,,,,,,,,,,,,,Predictionofhigh-entropystabilizedsolid-solutioninmulti-componentalloys
Co0.5CrFeNiAlMo0.5,,,BCC + σ phase,,,,,,,,,,,,,,,Predictionofhigh-entropystabilizedsolid-solutioninmulti-componentalloys
Co1.5CrFeNiAlMo0.5,,,BCC + σ phase,,,,,,,,,,,,,,,Predictionofhigh-entropystabilizedsolid-solutioninmulti-componentalloys
Co2CrFeNiAlMo0.5,,,FCC + BCC + σ phase,,,,,,,,,,,,,,,Predictionofhigh-entropystabilizedsolid-solutioninmulti-componentalloys
TiCoCrNiCuAl,,,BCC + Cu + Cr,,,,,,,,,,,,,,,Predictionofhigh-entropystabilizedsolid-solutioninmulti-componentalloys
CoCrNiCuAlAu,,,FCC + AuCu,,,,,,,,,,,,,,,Predictionofhigh-entropystabilizedsolid-solutioninmulti-componentalloys
CoCrFeNiCuAlMo0.4,,,BCC + α phase,,,,,,,,,,,,,,,Predictionofhigh-entropystabilizedsolid-solutioninmulti-componentalloys
CoCrFeNiCuAlMo0.6,,,BCC + α phase,,,,,,,,,,,,,,,Predictionofhigh-entropystabilizedsolid-solutioninmulti-componentalloys
CoCrFeNiCuAlMo0.8,,,BCC + α phase,,,,,,,,,,,,,,,Predictionofhigh-entropystabilizedsolid-solutioninmulti-componentalloys
CoCrFeNiCuAlMo,,,BCC + α phase,,,,,,,,,,,,,,,Predictionofhigh-entropystabilizedsolid-solutioninmulti-componentalloys
ZrHfTiCuFe,,,Compounds,,,,,,,,,,,,,,,Predictionofhigh-entropystabilizedsolid-solutioninmulti-componentalloys
ZrHfTiCuCo,,,Compounds,,,,,,,,,,,,,,,Predictionofhigh-entropystabilizedsolid-solutioninmulti-componentalloys
AlCrMoSiTi,,,Ordered BCC + Mo5Si3,,,,,,,,,,,,,,,Predictionofhigh-entropystabilizedsolid-solutioninmulti-componentalloys
Ti2 CoCrFeNiCu,,,Compounds,,,,,,,,,,,,,,,Predictionofhigh-entropystabilizedsolid-solutioninmulti-componentalloys
AlTiVYZr,,,Conpounds,,,,,,,,,,,,,,,Predictionofhigh-entropystabilizedsolid-solutioninmulti-componentalloys
ZrTiVCuNiBe,,,Compounds,,,,,,,,,,,,,,,Predictionofhigh-entropystabilizedsolid-solutioninmulti-componentalloys
TiCoCrNiCuAlY0.5,,,Cu2Y + AlNi2Ti + Cu + Cr,,,,,,,,,,,,,,,Predictionofhigh-entropystabilizedsolid-solutioninmulti-componentalloys
TiCoCrNiCuAlY0.8,,,Cu2Y + AlNi2Ti + Cu + Cr,,,,,,,,,,,,,,,Predictionofhigh-entropystabilizedsolid-solutioninmulti-componentalloys
TiCoCrNiCuAlY,,,Cu2Y + AlNi2Ti + Cu + Cr + unknown phase,,,,,,,,,,,,,,,Predictionofhigh-entropystabilizedsolid-solutioninmulti-componentalloys
AlCoCrFeNb0Ni,as-cast,,BCC,RT,,1373,0.2,,,3531,,,,24.5,520,,,EffectofNbadditiononthemicrostructureandpropertiesofAlCoCrFeNihigh-entropyalloy
AlCoCrFeNb0.1Ni,as-cast,,BCC,RT,,1641,0.2,,,3285,,,,12.2,569,,,EffectofNbadditiononthemicrostructureandpropertiesofAlCoCrFeNihigh-entropyalloy
AlCoCrFeNb0.25Ni,as-cast,,BCC + (Laves + bcc),RT,,1959,0.2,,,3008,,,,10.5,668,,,EffectofNbadditiononthemicrostructureandpropertiesofAlCoCrFeNihigh-entropyalloy
AlCoCrFeNb0.5Ni,as-cast,,BCC + (Laves + bcc),RT,,2473,0.2,,,3170,,,,4.1,747,,,EffectofNbadditiononthemicrostructureandpropertiesofAlCoCrFeNihigh-entropyalloy
,,,,,,,,,,,,,,,,,,
,,,,,,,,,,,,,,,,,,
,,,,,,,,,,,,,,,,,,
,,,,,,,,,,,,,,,,,,
,,,,,,,,,,,,,,,,,,
,,,,,,,,,,,,,,,,,,
,,,,,,,,,,,,,,,,,,
,,,,,,,,,,,,,,,,,,
,,,,,,,,,,,,,,,,,,
,,,,,,,,,,,,,,,,,,
,,,,,,,,,,,,,,,,,,
,,,,,,,,,,,,,,,,,,
,,,,,,,,,,,,,,,,,,
,,,,,,,,,,,,,,,,,,
,,,,,,,,,,,,,,,,,,
,,,,,,,,,,,,,,,,,,
,,,,,,,,,,,,,,,,,,
,,,,,,,,,,,,,,,,,,
,,,,,,,,,,,,,,,,,,
,,,,,,,,,,,,,,,,,,
,,,,,,,,,,,,,,,,,,
,,,,,,,,,,,,,,,,,,
,,,,,,,,,,,,,,,,,,
,,,,,,,,,,,,,,,,,,
,,,,,,,,,,,,,,,,,,
,,,,,,,,,,,,,,,,,,
,,,,,,,,,,,,,,,,,,
,,,,,,,,,,,,,,,,,,
,,,,,,,,,,,,,,,,,,
,,,,,,,,,,,,,,,,,,
,,,,,,,,,,,,,,,,,,
,,,,,,,,,,,,,,,,,,
,,,,,,,,,,,,,,,,,,
,,,,,,,,,,,,,,,,,,
,,,,,,,,,,,,,,,,,,
,,,,,,,,,,,,,,,,,,
,,,,,,,,,,,,,,,,,,
,,,,,,,,,,,,,,,,,,
,,,,,,,,,,,,,,,,,,
,,,,,,,,,,,,,,,,,,
,,,,,,,,,,,,,,,,,,
,,,,,,,,,,,,,,,,,,
,,,,,,,,,,,,,,,,,,
,,,,,,,,,,,,,,,,,,
,,,,,,,,,,,,,,,,,,
,,,,,,,,,,,,,,,,,,
,,,,,,,,,,,,,,,,,,
,,,,,,,,,,,,,,,,,,
,,,,,,,,,,,,,,,,,,
,,,,,,,,,,,,,,,,,,
,,,,,,,,,,,,,,,,,,
,,,,,,,,,,,,,,,,,,
,,,,,,,,,,,,,,,,,,
,,,,,,,,,,,,,,,,,,
,,,,,,,,,,,,,,,,,,
,,,,,,,,,,,,,,,,,,
,,,,,,,,,,,,,,,,,,
,,,,,,,,,,,,,,,,,,
,,,,,,,,,,,,,,,,,,
,,,,,,,,,,,,,,,,,,
,,,,,,,,,,,,,,,,,,
,,,,,,,,,,,,,,,,,,
,,,,,,,,,,,,,,,,,,
,,,,,,,,,,,,,,,,,,
,,,,,,,,,,,,,,,,,,
,,,,,,,,,,,,,,,,,,
,,,,,,,,,,,,,,,,,,
,,,,,,,,,,,,,,,,,,
,,,,,,,,,,,,,,,,,,
,,,,,,,,,,,,,,,,,,
,,,,,,,,,,,,,,,,,,
,,,,,,,,,,,,,,,,,,
,,,,,,,,,,,,,,,,,,
,,,,,,,,,,,,,,,,,,
,,,,,,,,,,,,,,,,,,
,,,,,,,,,,,,,,,,,,
,,,,,,,,,,,,,,,,,,
,,,,,,,,,,,,,,,,,,
,,,,,,,,,,,,,,,,,,
,,,,,,,,,,,,,,,,,,
,,,,,,,,,,,,,,,,,,
,,,,,,,,,,,,,,,,,,
,,,,,,,,,,,,,,,,,,
,,,,,,,,,,,,,,,,,,
,,,,,,,,,,,,,,,,,,
,,,,,,,,,,,,,,,,,,
,,,,,,,,,,,,,,,,,,
,,,,,,,,,,,,,,,,,,
,,,,,,,,,,,,,,,,,,
,,,,,,,,,,,,,,,,,,
,,,,,,,,,,,,,,,,,,
,,,,,,,,,,,,,,,,,,
,,,,,,,,,,,,,,,,,,
,,,,,,,,,,,,,,,,,,
,,,,,,,,,,,,,,,,,,
,,,,,,,,,,,,,,,,,,
,,,,,,,,,,,,,,,,,,
,,,,,,,,,,,,,,,,,,
,,,,,,,,,,,,,,,,,,
,,,,,,,,,,,,,,,,,,
,,,,,,,,,,,,,,,,,,
,,,,,,,,,,,,,,,,,,
,,,,,,,,,,,,,,,,,,
,,,,,,,,,,,,,,,,,,
,,,,,,,,,,,,,,,,,,
,,,,,,,,,,,,,,,,,,
,,,,,,,,,,,,,,,,,,
,,,,,,,,,,,,,,,,,,
,,,,,,,,,,,,,,,,,,
,,,,,,,,,,,,,,,,,,
,,,,,,,,,,,,,,,,,,
,,,,,,,,,,,,,,,,,,
,,,,,,,,,,,,,,,,,,
,,,,,,,,,,,,,,,,,,
,,,,,,,,,,,,,,,,,,
,,,,,,,,,,,,,,,,,,
,,,,,,,,,,,,,,,,,,
,,,,,,,,,,,,,,,,,,
,,,,,,,,,,,,,,,,,,
,,,,,,,,,,,,,,,,,,
,,,,,,,,,,,,,,,,,,
,,,,,,,,,,,,,,,,,,
,,,,,,,,,,,,,,,,,,
,,,,,,,,,,,,,,,,,,
,,,,,,,,,,,,,,,,,,
,,,,,,,,,,,,,,,,,,
,,,,,,,,,,,,,,,,,,
,,,,,,,,,,,,,,,,,,
,,,,,,,,,,,,,,,,,,
,,,,,,,,,,,,,,,,,,
,,,,,,,,,,,,,,,,,,
,,,,,,,,,,,,,,,,,,
,,,,,,,,,,,,,,,,,,
,,,,,,,,,,,,,,,,,,
,,,,,,,,,,,,,,,,,,
,,,,,,,,,,,,,,,,,,
,,,,,,,,,,,,,,,,,,
,,,,,,,,,,,,,,,,,,
,,,,,,,,,,,,,,,,,,
,,,,,,,,,,,,,,,,,,
,,,,,,,,,,,,,,,,,,
,,,,,,,,,,,,,,,,,,
,,,,,,,,,,,,,,,,,,
,,,,,,,,,,,,,,,,,,
,,,,,,,,,,,,,,,,,,
,,,,,,,,,,,,,,,,,,
,,,,,,,,,,,,,,,,,,
,,,,,,,,,,,,,,,,,,
,,,,,,,,,,,,,,,,,,
,,,,,,,,,,,,,,,,,,
,,,,,,,,,,,,,,,,,,
,,,,,,,,,,,,,,,,,,
,,,,,,,,,,,,,,,,,,
,,,,,,,,,,,,,,,,,,
,,,,,,,,,,,,,,,,,,
,,,,,,,,,,,,,,,,,,
,,,,,,,,,,,,,,,,,,
,,,,,,,,,,,,,,,,,,
,,,,,,,,,,,,,,,,,,
,,,,,,,,,,,,,,,,,,
,,,,,,,,,,,,,,,,,,
,,,,,,,,,,,,,,,,,,
,,,,,,,,,,,,,,,,,,
,,,,,,,,,,,,,,,,,,
,,,,,,,,,,,,,,,,,,
,,,,,,,,,,,,,,,,,,
,,,,,,,,,,,,,,,,,,
,,,,,,,,,,,,,,,,,,
,,,,,,,,,,,,,,,,,,
,,,,,,,,,,,,,,,,,,
,,,,,,,,,,,,,,,,,,
,,,,,,,,,,,,,,,,,,
,,,,,,,,,,,,,,,,,,
,,,,,,,,,,,,,,,,,,
,,,,,,,,,,,,,,,,,,
,,,,,,,,,,,,,,,,,,
,,,,,,,,,,,,,,,,,,
,,,,,,,,,,,,,,,,,,
,,,,,,,,,,,,,,,,,,
,,,,,,,,,,,,,,,,,,
,,,,,,,,,,,,,,,,,,
,,,,,,,,,,,,,,,,,,
,,,,,,,,,,,,,,,,,,
,,,,,,,,,,,,,,,,,,
,,,,,,,,,,,,,,,,,,
,,,,,,,,,,,,,,,,,,
,,,,,,,,,,,,,,,,,,
,,,,,,,,,,,,,,,,,,
,,,,,,,,,,,,,,,,,,
,,,,,,,,,,,,,,,,,,
,,,,,,,,,,,,,,,,,,
,,,,,,,,,,,,,,,,,,
,,,,,,,,,,,,,,,,,,
,,,,,,,,,,,,,,,,,,
,,,,,,,,,,,,,,,,,,
,,,,,,,,,,,,,,,,,,
,,,,,,,,,,,,,,,,,,
,,,,,,,,,,,,,,,,,,
,,,,,,,,,,,,,,,,,,
,,,,,,,,,,,,,,,,,,
,,,,,,,,,,,,,,,,,,
,,,,,,,,,,,,,,,,,,
,,,,,,,,,,,,,,,,,,
,,,,,,,,,,,,,,,,,,
,,,,,,,,,,,,,,,,,,
,,,,,,,,,,,,,,,,,,
,,,,,,,,,,,,,,,,,,
,,,,,,,,,,,,,,,,,,
,,,,,,,,,,,,,,,,,,
,,,,,,,,,,,,,,,,,,
,,,,,,,,,,,,,,,,,,
,,,,,,,,,,,,,,,,,,
,,,,,,,,,,,,,,,,,,
,,,,,,,,,,,,,,,,,,
,,,,,,,,,,,,,,,,,,
,,,,,,,,,,,,,,,,,,
,,,,,,,,,,,,,,,,,,
,,,,,,,,,,,,,,,,,,
,,,,,,,,,,,,,,,,,,
,,,,,,,,,,,,,,,,,,
,,,,,,,,,,,,,,,,,,
,,,,,,,,,,,,,,,,,,
,,,,,,,,,,,,,,,,,,
,,,,,,,,,,,,,,,,,,
,,,,,,,,,,,,,,,,,,
,,,,,,,,,,,,,,,,,,
,,,,,,,,,,,,,,,,,,
,,,,,,,,,,,,,,,,,,
,,,,,,,,,,,,,,,,,,
,,,,,,,,,,,,,,,,,,
,,,,,,,,,,,,,,,,,,
,,,,,,,,,,,,,,,,,,
,,,,,,,,,,,,,,,,,,
,,,,,,,,,,,,,,,,,,
,,,,,,,,,,,,,,,,,,
,,,,,,,,,,,,,,,,,,
,,,,,,,,,,,,,,,,,,
,,,,,,,,,,,,,,,,,,
,,,,,,,,,,,,,,,,,,
,,,,,,,,,,,,,,,,,,
,,,,,,,,,,,,,,,,,,
,,,,,,,,,,,,,,,,,,
,,,,,,,,,,,,,,,,,,
,,,,,,,,,,,,,,,,,,
,,,,,,,,,,,,,,,,,,
,,,,,,,,,,,,,,,,,,
,,,,,,,,,,,,,,,,,,
,,,,,,,,,,,,,,,,,,
,,,,,,,,,,,,,,,,,,
,,,,,,,,,,,,,,,,,,
,,,,,,,,,,,,,,,,,,
,,,,,,,,,,,,,,,,,,
,,,,,,,,,,,,,,,,,,
,,,,,,,,,,,,,,,,,,
,,,,,,,,,,,,,,,,,,
,,,,,,,,,,,,,,,,,,
,,,,,,,,,,,,,,,,,,
,,,,,,,,,,,,,,,,,,
,,,,,,,,,,,,,,,,,,
,,,,,,,,,,,,,,,,,,
,,,,,,,,,,,,,,,,,,
,,,,,,,,,,,,,,,,,,
,,,,,,,,,,,,,,,,,,
,,,,,,,,,,,,,,,,,,
,,,,,,,,,,,,,,,,,,
,,,,,,,,,,,,,,,,,,
,,,,,,,,,,,,,,,,,,
,,,,,,,,,,,,,,,,,,
,,,,,,,,,,,,,,,,,,
,,,,,,,,,,,,,,,,,,
,,,,,,,,,,,,,,,,,,
,,,,,,,,,,,,,,,,,,
,,,,,,,,,,,,,,,,,,
,,,,,,,,,,,,,,,,,,
,,,,,,,,,,,,,,,,,,
,,,,,,,,,,,,,,,,,,
,,,,,,,,,,,,,,,,,,
,,,,,,,,,,,,,,,,,,
,,,,,,,,,,,,,,,,,,
,,,,,,,,,,,,,,,,,,
,,,,,,,,,,,,,,,,,,
,,,,,,,,,,,,,,,,,,
,,,,,,,,,,,,,,,,,,
,,,,,,,,,,,,,,,,,,
,,,,,,,,,,,,,,,,,,
,,,,,,,,,,,,,,,,,,
,,,,,,,,,,,,,,,,,,
,,,,,,,,,,,,,,,,,,
,,,,,,,,,,,,,,,,,,
,,,,,,,,,,,,,,,,,,
,,,,,,,,,,,,,,,,,,
,,,,,,,,,,,,,,,,,,
,,,,,,,,,,,,,,,,,,
,,,,,,,,,,,,,,,,,,
,,,,,,,,,,,,,,,,,,
,,,,,,,,,,,,,,,,,,
,,,,,,,,,,,,,,,,,,
,,,,,,,,,,,,,,,,,,
,,,,,,,,,,,,,,,,,,
,,,,,,,,,,,,,,,,,,
,,,,,,,,,,,,,,,,,,
,,,,,,,,,,,,,,,,,,
,,,,,,,,,,,,,,,,,,
,,,,,,,,,,,,,,,,,,
,,,,,,,,,,,,,,,,,,
,,,,,,,,,,,,,,,,,,
,,,,,,,,,,,,,,,,,,
,,,,,,,,,,,,,,,,,,
,,,,,,,,,,,,,,,,,,
,,,,,,,,,,,,,,,,,,
,,,,,,,,,,,,,,,,,,
,,,,,,,,,,,,,,,,,,
,,,,,,,,,,,,,,,,,,
,,,,,,,,,,,,,,,,,,
,,,,,,,,,,,,,,,,,,
,,,,,,,,,,,,,,,,,,
,,,,,,,,,,,,,,,,,,
,,,,,,,,,,,,,,,,,,
,,,,,,,,,,,,,,,,,,
,,,,,,,,,,,,,,,,,,
,,,,,,,,,,,,,,,,,,
,,,,,,,,,,,,,,,,,,
,,,,,,,,,,,,,,,,,,
,,,,,,,,,,,,,,,,,,
,,,,,,,,,,,,,,,,,,
,,,,,,,,,,,,,,,,,,
,,,,,,,,,,,,,,,,,,
,,,,,,,,,,,,,,,,,,
,,,,,,,,,,,,,,,,,,
,,,,,,,,,,,,,,,,,,
,,,,,,,,,,,,,,,,,,
,,,,,,,,,,,,,,,,,,
,,,,,,,,,,,,,,,,,,
,,,,,,,,,,,,,,,,,,
,,,,,,,,,,,,,,,,,,
,,,,,,,,,,,,,,,,,,
,,,,,,,,,,,,,,,,,,
,,,,,,,,,,,,,,,,,,
,,,,,,,,,,,,,,,,,,
,,,,,,,,,,,,,,,,,,
,,,,,,,,,,,,,,,,,,
,,,,,,,,,,,,,,,,,,
,,,,,,,,,,,,,,,,,,
,,,,,,,,,,,,,,,,,,
,,,,,,,,,,,,,,,,,,
,,,,,,,,,,,,,,,,,,
,,,,,,,,,,,,,,,,,,
,,,,,,,,,,,,,,,,,,
,,,,,,,,,,,,,,,,,,
,,,,,,,,,,,,,,,,,,
,,,,,,,,,,,,,,,,,,
,,,,,,,,,,,,,,,,,,
,,,,,,,,,,,,,,,,,,
,,,,,,,,,,,,,,,,,,
,,,,,,,,,,,,,,,,,,
,,,,,,,,,,,,,,,,,,
,,,,,,,,,,,,,,,,,,
,,,,,,,,,,,,,,,,,,
,,,,,,,,,,,,,,,,,,
,,,,,,,,,,,,,,,,,,
,,,,,,,,,,,,,,,,,,
,,,,,,,,,,,,,,,,,,
,,,,,,,,,,,,,,,,,,
,,,,,,,,,,,,,,,,,,
,,,,,,,,,,,,,,,,,,
,,,,,,,,,,,,,,,,,,
,,,,,,,,,,,,,,,,,,
,,,,,,,,,,,,,,,,,,
,,,,,,,,,,,,,,,,,,
,,,,,,,,,,,,,,,,,,
,,,,,,,,,,,,,,,,,,
,,,,,,,,,,,,,,,,,,
,,,,,,,,,,,,,,,,,,
,,,,,,,,,,,,,,,,,,
,,,,,,,,,,,,,,,,,,
,,,,,,,,,,,,,,,,,,
,,,,,,,,,,,,,,,,,,
,,,,,,,,,,,,,,,,,,
,,,,,,,,,,,,,,,,,,
,,,,,,,,,,,,,,,,,,
,,,,,,,,,,,,,,,,,,
,,,,,,,,,,,,,,,,,,
,,,,,,,,,,,,,,,,,,
,,,,,,,,,,,,,,,,,,
,,,,,,,,,,,,,,,,,,
,,,,,,,,,,,,,,,,,,
,,,,,,,,,,,,,,,,,,
,,,,,,,,,,,,,,,,,,
,,,,,,,,,,,,,,,,,,
,,,,,,,,,,,,,,,,,,
,,,,,,,,,,,,,,,,,,
,,,,,,,,,,,,,,,,,,
,,,,,,,,,,,,,,,,,,
,,,,,,,,,,,,,,,,,,
,,,,,,,,,,,,,,,,,,
,,,,,,,,,,,,,,,,,,
,,,,,,,,,,,,,,,,,,
,,,,,,,,,,,,,,,,,,
,,,,,,,,,,,,,,,,,,
,,,,,,,,,,,,,,,,,,
,,,,,,,,,,,,,,,,,,
,,,,,,,,,,,,,,,,,,
,,,,,,,,,,,,,,,,,,
,,,,,,,,,,,,,,,,,,
,,,,,,,,,,,,,,,,,,
,,,,,,,,,,,,,,,,,,
,,,,,,,,,,,,,,,,,,
,,,,,,,,,,,,,,,,,,
,,,,,,,,,,,,,,,,,,
,,,,,,,,,,,,,,,,,,
,,,,,,,,,,,,,,,,,,
,,,,,,,,,,,,,,,,,,
,,,,,,,,,,,,,,,,,,
,,,,,,,,,,,,,,,,,,
,,,,,,,,,,,,,,,,,,
,,,,,,,,,,,,,,,,,,
,,,,,,,,,,,,,,,,,,
,,,,,,,,,,,,,,,,,,
,,,,,,,,,,,,,,,,,,
,,,,,,,,,,,,,,,,,,
,,,,,,,,,,,,,,,,,,
,,,,,,,,,,,,,,,,,,
,,,,,,,,,,,,,,,,,,
,,,,,,,,,,,,,,,,,,
,,,,,,,,,,,,,,,,,,
,,,,,,,,,,,,,,,,,,
,,,,,,,,,,,,,,,,,,
,,,,,,,,,,,,,,,,,,
,,,,,,,,,,,,,,,,,,
,,,,,,,,,,,,,,,,,,
,,,,,,,,,,,,,,,,,,
,,,,,,,,,,,,,,,,,,
,,,,,,,,,,,,,,,,,,
,,,,,,,,,,,,,,,,,,
,,,,,,,,,,,,,,,,,,
,,,,,,,,,,,,,,,,,,
,,,,,,,,,,,,,,,,,,
,,,,,,,,,,,,,,,,,,
,,,,,,,,,,,,,,,,,,
,,,,,,,,,,,,,,,,,,
,,,,,,,,,,,,,,,,,,
,,,,,,,,,,,,,,,,,,
,,,,,,,,,,,,,,,,,,
,,,,,,,,,,,,,,,,,,
,,,,,,,,,,,,,,,,,,
,,,,,,,,,,,,,,,,,,
,,,,,,,,,,,,,,,,,,
,,,,,,,,,,,,,,,,,,
,,,,,,,,,,,,,,,,,,
,,,,,,,,,,,,,,,,,,
,,,,,,,,,,,,,,,,,,
,,,,,,,,,,,,,,,,,,
,,,,,,,,,,,,,,,,,,
,,,,,,,,,,,,,,,,,,
,,,,,,,,,,,,,,,,,,
,,,,,,,,,,,,,,,,,,
,,,,,,,,,,,,,,,,,,
,,,,,,,,,,,,,,,,,,
,,,,,,,,,,,,,,,,,,
,,,,,,,,,,,,,,,,,,
,,,,,,,,,,,,,,,,,,
,,,,,,,,,,,,,,,,,,
,,,,,,,,,,,,,,,,,,
,,,,,,,,,,,,,,,,,,
,,,,,,,,,,,,,,,,,,
,,,,,,,,,,,,,,,,,,
,,,,,,,,,,,,,,,,,,
,,,,,,,,,,,,,,,,,,
,,,,,,,,,,,,,,,,,,
,,,,,,,,,,,,,,,,,,
,,,,,,,,,,,,,,,,,,
,,,,,,,,,,,,,,,,,,
,,,,,,,,,,,,,,,,,,
,,,,,,,,,,,,,,,,,,
,,,,,,,,,,,,,,,,,,
,,,,,,,,,,,,,,,,,,
,,,,,,,,,,,,,,,,,,
,,,,,,,,,,,,,,,,,,
,,,,,,,,,,,,,,,,,,
,,,,,,,,,,,,,,,,,,
,,,,,,,,,,,,,,,,,,
,,,,,,,,,,,,,,,,,,
,,,,,,,,,,,,,,,,,,
,,,,,,,,,,,,,,,,,,
,,,,,,,,,,,,,,,,,,
,,,,,,,,,,,,,,,,,,
,,,,,,,,,,,,,,,,,,
,,,,,,,,,,,,,,,,,,
,,,,,,,,,,,,,,,,,,
,,,,,,,,,,,,,,,,,,
,,,,,,,,,,,,,,,,,,
,,,,,,,,,,,,,,,,,,
,,,,,,,,,,,,,,,,,,
,,,,,,,,,,,,,,,,,,
,,,,,,,,,,,,,,,,,,
,,,,,,,,,,,,,,,,,,
,,,,,,,,,,,,,,,,,,
,,,,,,,,,,,,,,,,,,
,,,,,,,,,,,,,,,,,,
,,,,,,,,,,,,,,,,,,
,,,,,,,,,,,,,,,,,,
,,,,,,,,,,,,,,,,,,
,,,,,,,,,,,,,,,,,,
,,,,,,,,,,,,,,,,,,
,,,,,,,,,,,,,,,,,,
,,,,,,,,,,,,,,,,,,
,,,,,,,,,,,,,,,,,,
,,,,,,,,,,,,,,,,,,
,,,,,,,,,,,,,,,,,,
,,,,,,,,,,,,,,,,,,
,,,,,,,,,,,,,,,,,,
,,,,,,,,,,,,,,,,,,
,,,,,,,,,,,,,,,,,,
,,,,,,,,,,,,,,,,,,
,,,,,,,,,,,,,,,,,,
,,,,,,,,,,,,,,,,,,
,,,,,,,,,,,,,,,,,,
,,,,,,,,,,,,,,,,,,
,,,,,,,,,,,,,,,,,,
,,,,,,,,,,,,,,,,,,
,,,,,,,,,,,,,,,,,,
